UnitID	Hundred	Parish	Township	PlaceName	VCH	Youngs	VoB	Status	Ref	OtherSources	Goodwin	Grenville	Tyrrill	Notes
1	Ashendon	Ashendon with Pollicott		Ashendon with Pollicott	https://www.british-history.ac.uk/vch/bucks/vol4/pp3-7	30	10157020	extant	TNA, SP 28/150/1, ff. 88-91; TNA, SP 28/151 (unfol.)			224v		
2	Ashendon	Aston Sanford		Aston Sanford	https://www.british-history.ac.uk/vch/bucks/vol4/pp8-9	31	10115620	extant	TNA, SP 28/150/2, ff. 191-194			224r	275r	
3	Ashendon	Beckley (Oxfordshire)	Studley	Studley		31, 406	10351406	no trace						
4	Ashendon	Bierton with Broughton	Quarrendon	Quarrendon	https://www.british-history.ac.uk/vch/bucks/vol4/pp100-102	39	10065562	lost			205r	224r		
5	Ashendon	Chearsley		Chearsley	https://www.british-history.ac.uk/vch/bucks/vol4/pp19-22	33	10008852	lost				224v	276r	
6	Ashendon	Chilton	Dorton	Dorton	https://www.british-history.ac.uk/vch/bucks/vol4/pp45-48	34	10009157	lost					276r	
7	Ashendon	Chilton		Chilton	https://www.british-history.ac.uk/vch/bucks/vol4/pp22-27	33	10157110	extant	TNA, SP 28/150/2, ff. 233-236					
8	Ashendon	East Claydon		East Claydon	https://www.british-history.ac.uk/vch/bucks/vol4/pp28-32	33	10045988	lost				223v	276r	
9	Ashendon	Fleet Marston		Fleet Marston	https://www.british-history.ac.uk/vch/bucks/vol4/pp74-76	38	10116831	extant	TNA, SP 28/150/1, ff. 17-20			223v		
10	Ashendon	Grandborough		Grandborough	https://www.british-history.ac.uk/vch/bucks/vol4/pp48-50	34	10176888	lost			205r	224v	276r	
11	Ashendon	Grendon Underwood		Grendon Underwood	https://www.british-history.ac.uk/vch/bucks/vol4/pp50-54	35	10009340	extant	TNA, SP 28/150/1, ff. 21-28			223v		
12	Ashendon	Hogshaw		Hogshaw	https://www.british-history.ac.uk/vch/bucks/vol4/pp54-56	36	10205906	no trace						
13	Ashendon	Ickford		Ickford	https://www.british-history.ac.uk/vch/bucks/vol4/pp56-61	36	10116650	extant	TNA, SP 28/39/5, ff. 591-592		206r	224r		
14	Ashendon	Ilmer		Ilmer	https://www.british-history.ac.uk/vch/bucks/vol4/pp61-63	36	10209377	lost			205r		276r	
15	Ashendon	Kingsey		Kingsey	https://www.british-history.ac.uk/vch/bucks/vol4/pp63-68	36	10047389	lost					276r	
16	Ashendon	Long Crendon	Lower Winchendon	Lower Winchendon	https://www.british-history.ac.uk/vch/bucks/vol4/pp118-122	42	10158278	lost			205r	224v	276r	
17	Ashendon	Long Crendon		Long Crendon	https://www.british-history.ac.uk/vch/bucks/vol4/pp36-45	33	10009110	extant	TNA, SP 28/150/2, ff. 214-221			223v, 224r, 227v	276r	
18	Ashendon	Ludgershall	Kingswood	Kingswood	https://www.british-history.ac.uk/vch/bucks/vol4/pp68-73	36	10082274	no trace						
19	Ashendon	Ludgershall		Ludgershall	https://www.british-history.ac.uk/vch/bucks/vol4/pp68-73	37	10009741	lost				223v	276r	
20	Ashendon	Middle Claydon		Middle Claydon	https://www.british-history.ac.uk/vch/bucks/vol4/pp32-35	33	10115796	extant	TNA, SP 28/150/2, ff. 237-240	Protestation return and collection for Irish protestants (not in Gibson and Dell): TNA, SP 28/148/1, f. 51		224v		
21	Ashendon	North Marston		North Marston	https://www.british-history.ac.uk/vch/bucks/vol4/pp76-80	38	10116843	extant	TNA, SP 28/221 (unfol.)			224v		
22	Ashendon	Oakley	Boarstall	Boarstall	https://www.british-history.ac.uk/vch/bucks/vol4/pp9-14	31	10208269	lost				224r, 231v		
23	Ashendon	Oakley	Brill	Brill	https://www.british-history.ac.uk/vch/bucks/vol4/pp14-19	32	10176608	extant	TNA, SP 28/39/5, ff. 462-463					
24	Ashendon	Oakley		Oakley	https://www.british-history.ac.uk/vch/bucks/vol4/pp80-85	38	10046543	lost			205r	224v		
25	Ashendon	Oving		Oving	https://www.british-history.ac.uk/vch/bucks/vol4/pp85-89	39	10116922	extant	TNA, SP 28/151 (unfol.)	Constable's account: TNA, SP 28/151 (unfol., order 59).	204r		275r	
26	Ashendon	Pitchcott		Pitchcott	https://www.british-history.ac.uk/vch/bucks/vol4/pp89-91	39	10009856	extant	TNA, SP 28/196/1, ff. 129-130			223v		
27	Ashendon	Quainton	Shipton Lee	Shipton Lee	https://www.british-history.ac.uk/vch/bucks/vol4/pp92-99	40	10104695	no trace						
28	Ashendon	Quainton		Quainton	https://www.british-history.ac.uk/vch/bucks/vol4/pp92-99	39	10116960	lost				223v		
29	Ashendon	Shabbington		Shabbington	https://www.british-history.ac.uk/vch/bucks/vol4/pp102-104	39	10009923	lost			206r			
30	Ashendon	Thame (Oxfordshire)	Towersey	Towersey	https://www.british-history.ac.uk/vch/bucks/vol4/pp105-107	41	10031527	extant	TNA, SP 28/221 (unfol.)			224r	275r	
31	Ashendon	Upper Winchendon		Upper Winchendon	https://www.british-history.ac.uk/vch/bucks/vol4/pp122-125	42	10010779	lost			205r			
32	Ashendon	Waddesdon	Westcott	Westcott	https://www.british-history.ac.uk/vch/bucks/vol4/pp107-118	42	10158254	extant	TNA, SP 28/150/2, ff. 185-190			224r		
33	Ashendon	Waddesdon	Woodham	Woodham	https://www.british-history.ac.uk/vch/bucks/vol4/pp107-118	43	10118062	lost				224v		
34	Ashendon	Waddesdon		Waddesdon	https://www.british-history.ac.uk/vch/bucks/vol4/pp107-118	41	10206509	extant	TNA, SP 28/150/1, ff. 11-16, 30-42; TNA, SP 28/148/1, ff. 67-68		206r	223v	276r	
35	Ashendon	Worminghall		Worminghall	https://www.british-history.ac.uk/vch/bucks/vol4/pp125-130	43	10047080	extant	TNA, SP 28/149/1, f. 6		206r			SP 28/219/4 DocID 97 includes several individual accounts, some from Great Missenden, some unidentified.
36	Ashendon	Wotton Underwood		Wotton Underwood	https://www.british-history.ac.uk/vch/bucks/vol4/pp130-134	43	10195238	lost				224v		
37	Aylesbury	Aston Clinton		Aston Clinton	https://www.british-history.ac.uk/vch/bucks/vol2/pp312-319	31	10083618	extant	TNA, SP 28/150/2, ff. 196-203				268r	
38	Aylesbury	Aylesbury	Walton	Walton	https://www.british-history.ac.uk/vch/bucks/vol3/pp1-11	31	10046981	extant	TNA, SP 28/150/2, ff. 121-132, 275		203r	223r	270r, 273r	f. 275 is losses of Widow Sarch and her late husband Edmond when they lived in Walton, but accounted for after she moved to Stoke Mandeville.
39	Aylesbury	Aylesbury		Aylesbury	https://www.british-history.ac.uk/vch/bucks/vol3/pp1-11	31	10213356	lost		Tax account: TNA, SP 28/151 (unfol., order 61)	202r	222r	272r, 273r	
40	Aylesbury	Bierton with Broughton	Buckland	Buckland	https://www.british-history.ac.uk/vch/bucks/vol2/pp327-330	32	10115723	lost			200r		270r	
41	Aylesbury	Bierton with Broughton	Stoke Mandeville	Stoke Mandeville	https://www.british-history.ac.uk/vch/bucks/vol2/pp360-365	40	10212418	extant	TNA, SP 28/150/2, ff. 253-275				271r, 273r	Also includes losses of Widow Sarch and her late husband Edmond when they lived in Walton, Aylesbury (f. 275).
42	Aylesbury	Bierton with Broughton		Bierton with Broughton	https://www.british-history.ac.uk/vch/bucks/vol2/pp320-327	31	10082160	extant	TNA, SP 28/150/6, ff. 543-550		203r	222v	271r, 274r	
43	Aylesbury	Bledlow		Bledlow	https://www.british-history.ac.uk/vch/bucks/vol2/pp247-253	31	10115656	lost			203r	223r	271r, 273r	
44	Aylesbury	Dinton		Dinton	https://www.british-history.ac.uk/vch/bucks/vol2/pp271-281	34	10207710	extant	TNA, SP 28/151 (unfol.)		201r	222r	272r	
45	Aylesbury	Ellesborough		Ellesborough	https://www.british-history.ac.uk/vch/bucks/vol2/pp331-338	34	10086024	extant	TNA, SP 28/150/2, ff. 241-248		203r			
46	Aylesbury	Great Hampden		Great Hampden	https://www.british-history.ac.uk/vch/bucks/vol2/pp287-291	35	10093533	extant	TNA, SP 28/151 (unfol.)			222r, 228v	270r	
47	Aylesbury	Great Kimble		Great Kimble	https://www.british-history.ac.uk/vch/bucks/vol2/pp298-303	36	10086048	lost					275r	
48	Aylesbury	Great Missenden		Great Missenden	https://www.british-history.ac.uk/vch/bucks/vol2/pp347-353	38	10157687	extant	TNA, SP 28/150/6, ff. 582-593; TNA, SP 28/151 (unfol.); TNA, SP 28/219/4 (unfol.); TNA, SP 28/221 (unfol.)		204r	230r, 231v	271r, 274r	
49	Aylesbury	Haddenham	Cuddington	Cuddington	https://www.british-history.ac.uk/vch/bucks/vol2/pp267-271	33	10116089	lost			202r	223r		
50	Aylesbury	Haddenham		Haddenham	https://www.british-history.ac.uk/vch/bucks/vol2/pp281-286	35	10176890	extant	TNA, SP 28/151 (unfol.)	Tax account: TNA, SP 28/151 (unfol., order 60).	200r		268r	DocID 71 and 83 are two parts of same account separated and in wrong order.
51	Aylesbury	Halton		Halton	https://www.british-history.ac.uk/vch/bucks/vol2/pp339-341	35	10046257	lost			201r	222v		
52	Aylesbury	Hartwell	Little Hampden	Little Hampden	https://www.british-history.ac.uk/vch/bucks/vol2/pp291-293	35	10009376	no trace						
53	Aylesbury	Hartwell		Hartwell	https://www.british-history.ac.uk/vch/bucks/vol2/pp293-298	35	10009420	lost				222r	272r	
54	Aylesbury	Horsenden		Horsenden	https://www.british-history.ac.uk/vch/bucks/vol2/pp253-255	36	10116478	extant	TNA, SP 28/148/1, ff. 199-200		203r		273r	
55	Aylesbury	Hughenden	Brand's Fee	Brand's Fee	https://www.british-history.ac.uk/vch/bucks/vol3/pp57-62	none	12848407	no trace						See also part under Little Missenden.
56	Aylesbury	Hulcott		Hulcott	https://www.british-history.ac.uk/vch/bucks/vol2/pp342-344	36	10009613	no trace						
57	Aylesbury	Lee		Lee	https://www.british-history.ac.uk/vch/bucks/vol2/pp345-347	37	10009686	no trace						
58	Aylesbury	Little Kimble		Little Kimble	https://www.british-history.ac.uk/vch/bucks/vol2/pp303-307	36	10116703	no trace						
59	Aylesbury	Little Missenden	Brand's Fee	Brand's Fee		none	12848407	extant	TNA, SP 28/151 (unfol.)				274r	See also part under Hughenden.
60	Aylesbury	Little Missenden		Little Missenden	https://www.british-history.ac.uk/vch/bucks/vol2/pp354-360	38	10101372	extant	TNA, SP 28/151 (unfol.)		201r	222v		
61	Aylesbury	Monks Risborough		Monks Risborough	https://www.british-history.ac.uk/vch/bucks/vol2/pp256-260	39	10082298	extant	TNA, SP 28/151 (unfol.)		200r	222v	269r	
62	Aylesbury	Princes Risborough		Princes Risborough	https://www.british-history.ac.uk/vch/bucks/vol2/pp260-267	39	10177212	extant	TNA, SP 28/151 (unfol.)			223r	269r	
63	Aylesbury	Stone with Bishopstone		Stone with Bishopstone	https://www.british-history.ac.uk/vch/bucks/vol2/pp307-311	40	10046683	extant	TNA, SP 28/151 (unfol.)		202r	222v	273r	Duplicate VoB ID 10158709 giving different hundred to Youngs.
64	Aylesbury	Wendover		Wendover	https://www.british-history.ac.uk/vch/bucks/vol3/pp20-31	42	10117940	lost			204r	223r	274r	
65	Aylesbury	Weston Turville		Weston Turville	https://www.british-history.ac.uk/vch/bucks/vol2/pp365-372	42	10117951	extant	TNA, SP 28/150/2, ff. 171-184		201r, 203r	222r, 222v	270r, 273r	
66	Buckingham	Addington		Addington	https://www.british-history.ac.uk/vch/bucks/vol4/pp137-140	30	10101300	extant	TNA, SP 28/151 (unfol.)		209r	225r		
67	Buckingham	Adstock		Adstock	https://www.british-history.ac.uk/vch/bucks/vol4/pp140-144	30	10045885	extant	TNA, SP 28/151 (unfol.)			225r, 228v		
68	Buckingham	Akeley		Akeley	https://www.british-history.ac.uk/vch/bucks/vol4/pp144-147	30	10008724	no trace						
69	Buckingham	Barton Hartshorn		Barton Hartshorn	https://www.british-history.ac.uk/vch/bucks/vol4/pp147-149	31	10045915	no trace						
70	Buckingham	Beachampton		Beachampton	https://www.british-history.ac.uk/vch/bucks/vol4/pp149-153	31	10157043	extant	TNA, SP 28/151 (unfol.)					
71	Buckingham	Biddlesden		Biddlesden	https://www.british-history.ac.uk/vch/bucks/vol4/pp153-157	31	10008761	lost			209r			
72	Buckingham	Buckingham	Bourton	Bourton	https://www.british-history.ac.uk/vch/bucks/vol3/pp471-489	none		extant	TNA, SP 28/41/5, ff. 469-470					
73	Buckingham	Buckingham	Prebend End	Buckingham	https://www.british-history.ac.uk/vch/bucks/vol3/pp471-489	none		extant	TNA, SP 28/151 (unfol.)					
74	Buckingham	Buckingham		Buckingham	https://www.british-history.ac.uk/vch/bucks/vol3/pp471-489	32	10064995	extant	TNA, SP 28/151 (unfol.)					
75	Buckingham	Caversfield		Caversfield	https://www.british-history.ac.uk/vch/bucks/vol4/pp157-163	32	10323174	no trace						
76	Buckingham	Chetwode		Chetwode	https://www.british-history.ac.uk/vch/bucks/vol4/pp163-168	33	10046520	lost				225v	277r	
77	Buckingham	Edgcott		Edgcott	https://www.british-history.ac.uk/vch/bucks/vol4/pp168-170	34	10116144	no trace						
78	Buckingham	Foscott		Foscott	https://www.british-history.ac.uk/vch/bucks/vol4/pp170-172	34	10009297	no trace						
79	Buckingham	Hillesden		Hillesden	https://www.british-history.ac.uk/vch/bucks/vol4/pp173-180	35	10101359	lost					277r	
80	Buckingham	Leckhampstead		Leckhampstead	https://www.british-history.ac.uk/vch/bucks/vol4/pp180-187	37	10194672	no trace						
81	Buckingham	Lillingstone Dayrell		Lillingstone Dayrell	https://www.british-history.ac.uk/vch/bucks/vol4/pp187-191	37	10198653	no trace						
82	Buckingham	Luffield Abbey		Luffield Abbey	https://www.british-history.ac.uk/vch/bucks/vol4/pp197-198	38	10096420	no trace						Extra-parochial.
83	Buckingham	Maids Moreton		Maids Moreton	https://www.british-history.ac.uk/vch/bucks/vol4/pp198-205	38	10206479	extant	TNA, SP 28/151 (unfol.)		209r			
84	Buckingham	Marsh Gibbon		Marsh Gibbon	https://www.british-history.ac.uk/vch/bucks/vol4/pp205-209	38	10009765	extant	TNA, SP 28/151 (unfol.)	Account of constable, William Morris: TNA, SP 28/150/1, f. 102	209r			
85	Buckingham	Padbury		Padbury	https://www.british-history.ac.uk/vch/bucks/vol4/pp209-215	39	10217970	extant	TNA, SP 28/150/1, ff. 108-109					
86	Buckingham	Preston Bissett		Preston Bissett	https://www.british-history.ac.uk/vch/bucks/vol4/pp215-220	39	10215638	no trace						
87	Buckingham	Radclive-cum-Chackmore		Radclive-cum-Chackmore	https://www.british-history.ac.uk/vch/bucks/vol4/pp220-223	39	10009893	no trace						
88	Buckingham	Shalstone		Shalstone	https://www.british-history.ac.uk/vch/bucks/vol4/pp223-226	39	10117033	no trace						
89	Buckingham	Steeple Claydon		Steeple Claydon	https://www.british-history.ac.uk/vch/bucks/vol4/pp226-229	33	10115802	extant	TNA, SP 28/151 (unfol.)					
90	Buckingham	Stowe	Lamport	Lamport	https://www.british-history.ac.uk/vch/bucks/vol4/pp229-237	none		lost				225r		
91	Buckingham	Stowe		Stowe	https://www.british-history.ac.uk/vch/bucks/vol4/pp229-237	41	10010457	extant	TNA, SP 28/151 (unfol.)					
92	Buckingham	Stratton Audley		Stratton Audley		41	10351340	no trace						Part in Oxfordshire.
93	Buckingham	Thornborough		Thornborough	https://www.british-history.ac.uk/vch/bucks/vol4/pp237-242	41	10158114	no trace						
94	Buckingham	Thornton		Thornton	https://www.british-history.ac.uk/vch/bucks/vol4/pp243-249	41	10217532	no trace						
95	Buckingham	Tingewick		Tingewick	https://www.british-history.ac.uk/vch/bucks/vol4/pp249-251	41	10158126	no trace						
96	Buckingham	Turweston		Turweston	https://www.british-history.ac.uk/vch/bucks/vol4/pp251-254	41	10010585	extant	TNA, SP 28/151 (unfol.)					
97	Buckingham	Twyford	Charndon	Charndon	https://www.british-history.ac.uk/vch/bucks/vol4/pp254-259	32	10065008	no trace						
98	Buckingham	Twyford	Poundon	Poundon	https://www.british-history.ac.uk/vch/bucks/vol4/pp254-259	39	10009868	no trace						
99	Buckingham	Twyford		Twyford	https://www.british-history.ac.uk/vch/bucks/vol4/pp254-259	41	10010597	extant	TNA, SP 28/39/5, f. 543					
100	Buckingham	Water Stratford		Water Stratford	https://www.british-history.ac.uk/vch/bucks/vol4/pp260-263	41	10117665	extant	TNA, SP 28/43/7, ff. 929-930					
101	Buckingham	Westbury		Westbury	https://www.british-history.ac.uk/vch/bucks/vol4/pp263-267	42	10047020	extant	TNA, SP 28/151 (unfol.)					
102	Burnham	Amersham	Coleshill	Coleshill	https://www.british-history.ac.uk/vch/bucks/vol3/pp141-155	33	10209328	extant	TNA, SP 28/151 (unfol.); TNA, SP 28/196/1, ff. 125-128					
103	Burnham	Amersham		Amersham	https://www.british-history.ac.uk/vch/bucks/vol3/pp141-155	30	10176554	extant	TNA, SP 28/149/4, ff. 550-569		208r		277r	
104	Burnham	Beaconsfield		Beaconsfield	https://www.british-history.ac.uk/vch/bucks/vol3/pp155-165	31	10115644	extant	TNA, SP 28/151 (unfol.)		206r			
105	Burnham	Burnham	Boveney	Boveney	https://www.british-history.ac.uk/vch/bucks/vol3/pp165-184	31	10093508	extant	TNA, SP 28/149/4, ff. 570-575					
106	Burnham	Burnham	Cippenham	Cippenham	https://www.british-history.ac.uk/vch/bucks/vol3/pp165-184	none		extant	TNA, SP 28/150/2, ff. 249-252					
107	Burnham	Burnham		Burnham	https://www.british-history.ac.uk/vch/bucks/vol3/pp165-184	32	10082183	no trace		Constable's account: TNA, SP 28/151 (unfol., order 19).				
108	Burnham	Chalfont St Giles		Chalfont St Giles	https://www.british-history.ac.uk/vch/bucks/vol3/pp184-193	32	10099687	extant	TNA, SP 28/149/4, ff. 576-587		207r		277r	
109	Burnham	Chalfont St Peter		Chalfont St Peter	https://www.british-history.ac.uk/vch/bucks/vol3/pp193-198	32	10045964	extant	TNA, SP 28/151 (unfol.)		207r	225r		
110	Burnham	Chenies		Chenies	https://www.british-history.ac.uk/vch/bucks/vol3/pp199-203	33	10115759	extant	TNA, SP 28/149/4, ff. 595-599					
111	Burnham	Chesham	Chartridge	Chartridge	https://www.british-history.ac.uk/vch/bucks/vol3/pp203-218	33	10194568	extant	TNA, SP 28/151 (unfol.)					Also includes tax collectors' accounts.
112	Burnham	Chesham	Latimer	Latimer	https://www.british-history.ac.uk/vch/bucks/vol3/pp203-218	37	10207721	extant	TNA, SP 28/151 (unfol.)					
113	Burnham	Chesham		Chesham	https://www.british-history.ac.uk/vch/bucks/vol3/pp203-218	33	10008864	extant	TNA, SP 28/151 (unfol.)		208r	225r	277r	
114	Burnham	Chesham Bois		Chesham Bois	https://www.british-history.ac.uk/vch/bucks/vol3/pp218-221	33	10087338	extant	TNA, SP 28/149/4, ff. 588-594					
115	Burnham	Dorney		Dorney	https://www.british-history.ac.uk/vch/bucks/vol3/pp221-225	34	10176785	extant	TNA, SP 28/150/2, ff. 163-170					
116	Burnham	Farnham Royal	Hedgerley Dean	Hedgerley Dean	https://www.british-history.ac.uk/vch/bucks/vol3/pp225-231	35	10176943	extant	TNA, SP 28/149/4, ff. 614-617					
117	Burnham	Farnham Royal	Seer Green	Seer Green	https://www.british-history.ac.uk/vch/bucks/vol3/pp225-231	39	10157780	lost			206r			
118	Burnham	Farnham Royal		Farnham Royal	https://www.british-history.ac.uk/vch/bucks/vol3/pp225-231	34	10009212	extant	TNA, SP 28/149/4, ff. 612-613					
119	Burnham	Hitcham		Hitcham	https://www.british-history.ac.uk/vch/bucks/vol3/pp231-235	35	10116466	no trace						
120	Burnham	Penn		Penn	https://www.british-history.ac.uk/vch/bucks/vol3/pp235-240	39	10116934	extant	TNA, SP 28/149/4, ff. 627-631		206r	225r	276r	
121	Burnham	Taplow		Taplow	https://www.british-history.ac.uk/vch/bucks/vol3/pp240-245	41	10209432	extant	TNA, SP 28/149/4, ff. 633-648					
122	Cottesloe	Aston Abbots		Aston Abbots	https://www.british-history.ac.uk/vch/bucks/vol3/pp328-330	31	10198604	extant	TNA, SP 28/151 (unfol.)				279r	
123	Cottesloe	Cheddington		Cheddington	https://www.british-history.ac.uk/vch/bucks/vol3/pp331-334	33	10157109	extant	TNA, SP 28/151 (unfol.)					
124	Cottesloe	Creslow		Creslow	https://www.british-history.ac.uk/vch/bucks/vol3/pp335-338	33	10198628	no trace						
125	Cottesloe	Cublington		Cublington	https://www.british-history.ac.uk/vch/bucks/vol3/pp338-341	33	10213113	no trace						
126	Cottesloe	Drayton Beauchamp	Cholesbury	Cholesbury	https://www.british-history.ac.uk/vch/bucks/vol3/pp334-335	33	10065021	no trace						
127	Cottesloe	Drayton Beauchamp		Drayton Beauchamp	https://www.british-history.ac.uk/vch/bucks/vol3/pp341-345	34	10096388	extant	TNA, SP 28/150/2, ff. 112-120				279r	
128	Cottesloe	Drayton Parslow		Drayton Parslow	https://www.british-history.ac.uk/vch/bucks/vol3/pp345-348	34	10217933	extant	TNA, SP 28/151 (unfol.)			226r	278r	
129	Cottesloe	Dunton		Dunton	https://www.british-history.ac.uk/vch/bucks/vol3/pp348-350	34	10065185	extant	TNA, SP 28/151 (unfol.)		209r		278r	
130	Cottesloe	Edlesborough		Edlesborough	https://www.british-history.ac.uk/vch/bucks/vol3/pp350-361	34	10195950	extant	TNA, SP 28/151 (unfol.)			226r	279r	
131	Cottesloe	Great Horwood		Great Horwood	https://www.british-history.ac.uk/vch/bucks/vol3/pp372-376	36	10046348	lost				226v		
132	Cottesloe	Grove		Grove	https://www.british-history.ac.uk/vch/bucks/vol3/pp361-363	35	10065264	no trace						
133	Cottesloe	Hardwick	Weedon	Weedon	https://www.british-history.ac.uk/vch/bucks/vol3/pp363-367	42	10101426	extant	TNA, SP 28/151 (unfol.)			226r		
134	Cottesloe	Hardwick		Hardwick	https://www.british-history.ac.uk/vch/bucks/vol3/pp363-367	35	10046294	extant	TNA, SP 28/151 (unfol.)			226r		
135	Cottesloe	Hawridge		Hawridge	https://www.british-history.ac.uk/vch/bucks/vol3/pp367-369	35	10219954	no trace						
136	Cottesloe	Hoggeston		Hoggeston	https://www.british-history.ac.uk/vch/bucks/vol3/pp369-372	36	10009455	no trace						
137	Cottesloe	Ivinghoe		Ivinghoe	https://www.british-history.ac.uk/vch/bucks/vol3/pp379-387	36	10065410	extant	TNA, SP 28/219/4 (unfol.)		210r	225v	279r	
138	Cottesloe	Linslade		Linslade	https://www.british-history.ac.uk/vch/bucks/vol3/pp387-391	37	10103526	no trace						
139	Cottesloe	Little Horwood		Little Horwood	https://www.british-history.ac.uk/vch/bucks/vol3/pp376-379	36	10116480	extant	TNA, SP 28/151 (unfol.)			226v		
140	Cottesloe	Marsworth		Marsworth	https://www.british-history.ac.uk/vch/bucks/vol3/pp391-397	38	10211396	extant	TNA, SP 28/149/4, f. 626				278r	
141	Cottesloe	Mentmore		Mentmore	https://www.british-history.ac.uk/vch/bucks/vol3/pp397-401	38	10177133	extant	TNA, SP 28/221 (unfol.)				278r	
142	Cottesloe	Mursley		Mursley	https://www.british-history.ac.uk/vch/bucks/vol3/pp401-406	38	10212364	extant	TNA, SP 28/151 (unfol.)					
143	Cottesloe	Pitstone		Pitstone	https://www.british-history.ac.uk/vch/bucks/vol3/pp406-412	39	10157742	lost				226r	278r	
144	Cottesloe	Shenley	Shenley Brook End	Shenley Brook End	https://www.british-history.ac.uk/vch/bucks/vol4/pp445-451	40	10194880	extant	TNA, SP 28/151 (unfol.)					
145	Cottesloe	Slapton		Slapton	https://www.british-history.ac.uk/vch/bucks/vol3/pp412-414	40	10198665	extant	TNA, SP 28/151 (unfol.)			225v	278r	Two copies of same account.
146	Cottesloe	Soulbury		Soulbury	https://www.british-history.ac.uk/vch/bucks/vol3/pp414-420	40	10117112	extant	TNA, SP 28/150/2, ff. 139-146				279r	
147	Cottesloe	Stewkley		Stewkley	https://www.british-history.ac.uk/vch/bucks/vol3/pp420-426	40	10117148	lost					278r	
148	Cottesloe	Swanbourne		Swanbourne	https://www.british-history.ac.uk/vch/bucks/vol3/pp427-432	41	10117677	lost			209r	225v		
149	Cottesloe	Tattenhoe		Tattenhoe	https://www.british-history.ac.uk/vch/bucks/vol3/pp432-435	41	10065884	no trace						
150	Cottesloe	Whaddon	Nash	Nash	https://www.british-history.ac.uk/vch/bucks/vol3/pp435-442	38	10116880	extant	TNA, SP 28/151 (unfol.)					
151	Cottesloe	Whaddon		Whaddon	https://www.british-history.ac.uk/vch/bucks/vol3/pp435-442	42	10066001	no trace						
152	Cottesloe	Whitchurch		Whitchurch	https://www.british-history.ac.uk/vch/bucks/vol3/pp442-449	42	10088951	extant	TNA, SP 28/151 (unfol.)			225v		
153	Cottesloe	Wing		Wing	https://www.british-history.ac.uk/vch/bucks/vol3/pp449-458	42	10096480	extant	TNA, SP 28/148/2, ff. 365-366		210r		279r	
154	Cottesloe	Wingrave with Rowsham		Wingrave with Rowsham	https://www.british-history.ac.uk/vch/bucks/vol3/pp458-465	42	10010780	extant	TNA, SP 28/149/4, ff. 649-650		209r	225v	279r	
155	Cottesloe	Winslow with Shipton		Winslow with Shipton	https://www.british-history.ac.uk/vch/bucks/vol3/pp465-470	42	10118037	extant	TNA, SP 28/151 (unfol.)			226v	279r	
156	Desborough	Bradenham		Bradenham	https://www.british-history.ac.uk/vch/bucks/vol3/pp35-37	32	10176580	extant	TNA, SP 28/150/1, ff. 93-101			222r		
157	Desborough	Chepping Wycombe (aka High Wycombe)	Foreigns of Chepping Wycombe	Chepping Wycombe	https://www.british-history.ac.uk/vch/bucks/vol3/pp112-134	none		extant	TNA, SP 28/151 (unfol.)					
158	Desborough	Chepping Wycombe (aka High Wycombe)		Chepping Wycombe (aka High Wycombe)	https://www.british-history.ac.uk/vch/bucks/vol3/pp112-134	43	10010871	extant	TNA, SP 28/150/6, ff. 570-572	Tax account: TNA, SP 28/151 (unfol., order 5).		226v, 227r, 228r		TNA, SP 28/151 (unfol.) DocID 50 includes 'wicombe': not clear whether Chepping/High or West.
159	Desborough	Fawley		Fawley	https://www.british-history.ac.uk/vch/bucks/vol3/pp37-42	34	10194611	extant	TNA, SP 28/149/4, ff. 624-625			227r		
160	Desborough	Fingest		Fingest	https://www.british-history.ac.uk/vch/bucks/vol3/pp42-45	34	10116247	no trace						
161	Desborough	Great Marlow		Great Marlow	https://www.british-history.ac.uk/vch/bucks/vol3/pp65-77	38	10009753	extant	TNA, SP 28/149/4, ff. 600-609			226v		
162	Desborough	Hambleden		Hambleden	https://www.british-history.ac.uk/vch/bucks/vol3/pp45-54	35	10094732	no trace						
163	Desborough	Hedsor		Hedsor	https://www.british-history.ac.uk/vch/bucks/vol3/pp54-57	35	10116454	no trace						
164	Desborough	Hughenden		Hughenden	https://www.british-history.ac.uk/vch/bucks/vol3/pp57-62	36	10065320	extant	TNA, SP 28/151 (unfol.)			227r		
165	Desborough	Lewknor (Oxfordshire)	Lewknor Uphill	Lewknor Uphill		37	10118712	no trace						
166	Desborough	Little Marlow		Little Marlow	https://www.british-history.ac.uk/vch/bucks/vol3/pp77-84	38	10087351	lost				226v		
167	Desborough	Medmenham		Medmenham	https://www.british-history.ac.uk/vch/bucks/vol3/pp84-89	38	10157675	no trace						
168	Desborough	Radnage		Radnage	https://www.british-history.ac.uk/vch/bucks/vol3/pp89-92	39	10177200	lost				227r		
169	Desborough	Saunderton		Saunderton	https://www.british-history.ac.uk/vch/bucks/vol3/pp92-95	39	10093120	lost				227r		
170	Desborough	Turville		Turville	https://www.british-history.ac.uk/vch/bucks/vol3/pp101-105	41	10010573	no trace						
171	Desborough	West Wycombe		West Wycombe	https://www.british-history.ac.uk/vch/bucks/vol3/pp135-140	44	10047146	lost				226v		TNA, SP 28/151 (unfol.) DocID 50 includes 'wicombe': not clear whether Chepping/High or West.
172	Desborough	Wooburn		Wooburn	https://www.british-history.ac.uk/vch/bucks/vol3/pp105-112	43	10010809	lost				227r		
173	Newport	Astwood		Astwood	https://www.british-history.ac.uk/vch/bucks/vol4/pp270-274	31	10064960	no trace						
174	Newport	Bletchley	Fenny Stratford	Fenny Stratford	https://www.british-history.ac.uk/vch/bucks/vol4/pp274-283	40	10010093	no trace						
175	Newport	Bletchley	Water Eaton	Water Eaton	https://www.british-history.ac.uk/vch/bucks/vol4/pp274-283	42	10010664	no trace						
176	Newport	Bletchley		Bletchley	https://www.british-history.ac.uk/vch/bucks/vol4/pp274-283	31	10115670	no trace						
177	Newport	Bow Brickhill		Bow Brickhill	https://www.british-history.ac.uk/vch/bucks/vol4/pp289-293	32	10045940	no trace						
178	Newport	Bradwell		Bradwell	https://www.british-history.ac.uk/vch/bucks/vol4/pp283-288	32	10115693	no trace						
179	Newport	Broughton		Broughton	https://www.british-history.ac.uk/vch/bucks/vol4/pp303-308	32	10045952	no trace						
180	Newport	Calverton		Calverton	https://www.british-history.ac.uk/vch/bucks/vol4/pp308-311	32	10218901	no trace						
181	Newport	Chicheley		Chicheley	https://www.british-history.ac.uk/vch/bucks/vol4/pp311-316	33	10176633	no trace						
182	Newport	Clifton Reynes		Clifton Reynes	https://www.british-history.ac.uk/vch/bucks/vol4/pp316-323	33	10157122	no trace						
183	Newport	Emberton		Emberton	https://www.british-history.ac.uk/vch/bucks/vol4/pp338-343	34	10009194	no trace						
184	Newport	Gayhurst		Gayhurst	https://www.british-history.ac.uk/vch/bucks/vol4/pp343-347	34	10009315	no trace						
185	Newport	Great Brickhill		Great Brickhill	https://www.british-history.ac.uk/vch/bucks/vol4/pp293-298	32	10008815	no trace						
186	Newport	Great Linford		Great Linford	https://www.british-history.ac.uk/vch/bucks/vol4/pp387-392	37	10157638	no trace						
187	Newport	Great Woolstone		Great Woolstone	https://www.british-history.ac.uk/vch/bucks/vol4/pp509-511	43	10010810	no trace						
188	Newport	Hanslope	Castlethorpe	Castlethorpe	https://www.british-history.ac.uk/vch/bucks/vol4/pp348-362	32	10157092	no trace						
189	Newport	Hanslope		Hanslope	https://www.british-history.ac.uk/vch/bucks/vol4/pp348-362	35	10116405	no trace						
190	Newport	Hardmead		Hardmead	https://www.british-history.ac.uk/vch/bucks/vol4/pp362-366	35	10116417	no trace						
191	Newport	Haversham		Haversham	https://www.british-history.ac.uk/vch/bucks/vol4/pp366-372	35	10211384	no trace						
192	Newport	Lathbury		Lathbury	https://www.british-history.ac.uk/vch/bucks/vol4/pp372-379	37	10046439	no trace						
193	Newport	Lavendon	Cold Brayfield	Cold Brayfield	https://www.british-history.ac.uk/vch/bucks/vol4/pp323-327	32	10216497	no trace						
194	Newport	Lavendon		Lavendon	https://www.british-history.ac.uk/vch/bucks/vol4/pp379-387	37	10088914	no trace						
195	Newport	Little Brickhill		Little Brickhill	https://www.british-history.ac.uk/vch/bucks/vol4/pp298-303	32	10115711	no trace						
196	Newport	Little Woolstone		Little Woolstone	https://www.british-history.ac.uk/vch/bucks/vol4/pp512-515	43	10118074	no trace						
197	Newport	Loughton		Loughton	https://www.british-history.ac.uk/vch/bucks/vol4/pp395-401	37	10046476	no trace						
198	Newport	Milton Keynes		Milton Keynes	https://www.british-history.ac.uk/vch/bucks/vol4/pp401-405	38	10009790	no trace						
199	Newport	Moulsoe		Moulsoe	https://www.british-history.ac.uk/vch/bucks/vol4/pp406-409	38	10116867	no trace						
200	Newport	Newport Pagnell	Little Linford	Little Linford	https://www.british-history.ac.uk/vch/bucks/vol4/pp392-395	37	10116776	no trace						
201	Newport	Newport Pagnell		Newport Pagnell	https://www.british-history.ac.uk/vch/bucks/vol4/pp409-422	38	10046531	lost				227v		Charges on Grenvile only mentions individual account of Thomas Barnes. No trace of account for whole town.
202	Newport	Newton Blossomville		Newton Blossomville	https://www.british-history.ac.uk/vch/bucks/vol4/pp422-425	38	10009832	no trace						
203	Newport	Newton Longville		Newton Longville	https://www.british-history.ac.uk/vch/bucks/vol4/pp425-429	38	10065525	no trace						
204	Newport	North Crawley		North Crawley	https://www.british-history.ac.uk/vch/bucks/vol4/pp327-338	33	10194593	no trace						
205	Newport	Olney	Warrington	Warrington	https://www.british-history.ac.uk/vch/bucks/vol4/pp429-439	42	10010640	no trace						
206	Newport	Olney	Weston Underwood	Weston Underwood	https://www.british-history.ac.uk/vch/bucks/vol4/pp497-502	42	10217301	no trace						
207	Newport	Olney		Olney	https://www.british-history.ac.uk/vch/bucks/vol4/pp429-439	38	10177169	no trace						
208	Newport	Ravenstone		Ravenstone	https://www.british-history.ac.uk/vch/bucks/vol4/pp439-445	39	10083217	no trace						
209	Newport	Shenley	Shenley Church End	Shenley Church End	https://www.british-history.ac.uk/vch/bucks/vol4/pp445-451	40	10047444	no trace						
210	Newport	Sherington		Sherington	https://www.british-history.ac.uk/vch/bucks/vol4/pp451-458	40	10201676	no trace						
211	Newport	Simpson		Simpson	https://www.british-history.ac.uk/vch/bucks/vol4/pp458-462	40	10117082	no trace						
212	Newport	Stantonbury		Stantonbury	https://www.british-history.ac.uk/vch/bucks/vol4/pp462-466	40	10065628	no trace						
213	Newport	Stoke Goldington		Stoke Goldington	https://www.british-history.ac.uk/vch/bucks/vol4/pp466-470	40	10010020	no trace						
214	Newport	Stoke Hammond		Stoke Hammond	https://www.british-history.ac.uk/vch/bucks/vol4/pp471-476	40	10216503	no trace						
215	Newport	Stony Stratford		Stony Stratford	https://www.british-history.ac.uk/vch/bucks/vol4/pp476-482	41	10047468	no trace						
216	Newport	Tyringham with Filgrave		Tyringham with Filgrave	https://www.british-history.ac.uk/vch/bucks/vol4/pp482-485	41	10011462	no trace						
217	Newport	Walton		Walton	https://www.british-history.ac.uk/vch/bucks/vol4/pp485-489	42	10117872	no trace						
218	Newport	Wavendon		Wavendon	https://www.british-history.ac.uk/vch/bucks/vol4/pp489-496	42	10117914	no trace						
219	Newport	Willen		Willen	https://www.british-history.ac.uk/vch/bucks/vol4/pp502-505	42	10093582	no trace						
220	Newport	Wolverton		Wolverton	https://www.british-history.ac.uk/vch/bucks/vol4/pp505-509	43	10095670	no trace						
221	Newport	Woughton-on-the-Green		Woughton-on-the-Green	https://www.british-history.ac.uk/vch/bucks/vol4/pp515-519	43	10218032	no trace						
222	Stoke	Datchet		Datchet	https://www.british-history.ac.uk/vch/bucks/vol3/pp249-255	33	10046142	extant	TNA, SP 28/151 (unfol.)					
223	Stoke	Denham		Denham	https://www.british-history.ac.uk/vch/bucks/vol3/pp255-261	34	10009145	no trace						
224	Stoke	Eton		Eton	https://www.british-history.ac.uk/vch/bucks/vol3/pp261-275	34	10213800	no trace						
225	Stoke	Fulmer		Fulmer	https://www.british-history.ac.uk/vch/bucks/vol3/pp275-278	34	10116272	no trace						
226	Stoke	Hedgerley		Hedgerley	https://www.british-history.ac.uk/vch/bucks/vol3/pp278-281	35	10195974	no trace						
227	Stoke	Horton		Horton	https://www.british-history.ac.uk/vch/bucks/vol3/pp281-286	36	10217957	no trace						
228	Stoke	Horton/Wraysbury	Colnbrook	Colnbrook	https://www.british-history.ac.uk/vch/bucks/vol3/pp246-249	33	10071100	lost				227v		Part in Middlesex.
229	Stoke	Iver		Iver	https://www.british-history.ac.uk/vch/bucks/vol3/pp286-294	36	10217969	no trace						
230	Stoke	Stoke Poges		Stoke Poges	https://www.british-history.ac.uk/vch/bucks/vol3/pp302-313	40	10046660	no trace						
231	Stoke	Upton-cum-Chalvey		Upton-cum-Chalvey	https://www.british-history.ac.uk/vch/bucks/vol3/pp314-318	41	10218020	no trace						
232	Stoke	Wexham		Wexham	https://www.british-history.ac.uk/vch/bucks/vol3/pp318-320	42	10117963	no trace						
233	Stoke	Wraysbury	Langley Marish	Langley Marish	https://www.british-history.ac.uk/vch/bucks/vol3/pp294-301	37	10009650	no trace						
234	Stoke	Wraysbury		Wraysbury	https://www.british-history.ac.uk/vch/bucks/vol3/pp320-325	44	10158382	no trace						
