Reference,Sort key,Orderable reference,Type,Description
"TNA, SP 28/1A, ff. 1-312",001A 0001,SP 28/1A,Essex's Army,Pay warrants signed by Earl of Essex: August-September 1642 JL
"TNA, SP 28/1A, ff. 313-316",001A 0313,SP 28/1A,Ireland,Pay warrants signed by Earl of Leicester relating to Ireland: August-September 1642 JL
"TNA, SP 28/1B/1, ff. 317-427",001B 0317,SP 28/1B,Ireland,Pay warrants signed by Earl of Leicester relating to Ireland: August-September 1642 JL
"TNA, SP 28/1B/2, ff. 428-565",001B 0428,SP 28/1B,Ireland,Pay warrants signed by Earl of Leicester relating to Ireland: August-September 1642 JL
"TNA, SP 28/1B/3, ff. 566-689",001B 0566,SP 28/1B,Ireland,Pay warrants signed by Earl of Leicester relating to Ireland: August-September 1642 JL
"TNA, SP 28/1C/1, ff. 67-116",001C 0067,SP 28/1C,Ireland,"Financial documents relating to Ireland, including warrants signed by Commissioners for Irish Affairs: August-September 1642 JL"
"TNA, SP 28/1C/2, ff. 117-121",001C 0117,SP 28/1C,Ireland,"Financial documents relating to Ireland, including warrants signed by Commissioners for Irish Affairs: August-September 1642 JL"
"TNA, SP 28/1C/2, ff. 122-142",001C 0122,SP 28/1C,Ordnance Office,Parliamentarian Ordnance Office pay warrants: August-September 1642 JL
"TNA, SP 28/1C/2, ff. 143-212",001C 0143,SP 28/1C,Ireland,"Financial documents relating to Ireland, including warrants signed by Commissioners for Irish Affairs and Earl of Leicester: August-September 1642 JL"
"TNA, SP 28/1C/3, ff. 213-216",001C 0213,SP 28/1C,Ireland,"Financial documents relating to Ireland, including warrants signed by Commissioners for Irish Affairs: August-September 1642 JL"
"TNA, SP 28/1D/1, ff. 342-431",001D 0342,SP 28/1D,Ireland,"Financial documents relating to Ireland, including warrants signed by Commissioners for Irish Affairs, but also includes some payments relevant to England: August-September 1642 JL"
"TNA, SP 28/1D/2, ff. 432-455",001D 0432,SP 28/1D,Ireland,"Financial documents relating to Ireland, including warrants signed by Commissioners for Irish Affairs: August-September 1642 JL"
"TNA, SP 28/1D/2, ff. 456-495",001D 0456,SP 28/1D,Misc,"Miscellaneous parliamentarian financial documents relating to England in summer 1642, including raising of John Bird's horse troop in Watford: August-September 1642 JL"
"TNA, SP 28/1D/2, ff. 502-575",001D 0502,SP 28/1D,Ordnance Office,Parliamentarian Ordnance Office pay warrants: August-September 1642 JL
"TNA, SP 28/1D/3, ff. 576-711",001D 0576,SP 28/1D,Ordnance Office,Parliamentarian Ordnance Office pay warrants: August-September 1642 JL
"TNA, SP 28/2A/1, ff. 1-4",002A 0001,SP 28/2A,Essex's Army,Pay warrants signed by Thomas Essex as parliamentarian governor of Worcester: October 1642 JL
"TNA, SP 28/2A/1, ff. 5-8",002A 0005,SP 28/2A,Earl of Warwick,Parliamentarian army pay warrants signed by Earl of Warwick: October 1642 JL
"TNA, SP 28/2A/1, ff. 36-148",002A 0036,SP 28/2A,Essex's Army,Pay warrants signed by Earl of Essex: October 1642 JL
"TNA, SP 28/2A/2, ff. 149-306",002A 0149,SP 28/2A,Essex's Army,Pay warrants signed by Earl of Essex: October 1642 JL
"TNA, SP 28/2B/1, ff. 307-412",002B 0307,SP 28/2B,Essex's Army,Pay warrants signed by Earl of Essex: October 1642 JL
"TNA, SP 28/2B/2, ff. 413-494",002B 0413,SP 28/2B,Essex's Army,Pay warrants signed by Earl of Essex: October 1642 JL
"TNA, SP 28/2B/2, ff. 495-499",002B 0495,SP 28/2B,Misc,Miscellaneous parliamentarian financial documents relating to England: October 1642 JL
"TNA, SP 28/2B/3, ff. 500-606",002B 0500,SP 28/2B,Misc,Miscellaneous parliamentarian financial documents: October 1642 JL
"TNA, SP 28/2B/4, ff. 607-701",002B 0607,SP 28/2B,Misc,Miscellaneous parliamentarian financial documents: October 1642 JL
"TNA, SP 28/3A/1, ff. 1-6",003A 0001,SP 28/3A,Misc,Miscellaneous parliamentarian financial documents: November 1642 JL
"TNA, SP 28/3A/1, ff. 7-28",003A 0007,SP 28/3A,Earl of Warwick,Parliamentarian army pay warrants signed by Earl of Warwick: November 1642 JL
"TNA, SP 28/3A/1, ff. 29-34",003A 0029,SP 28/3A,Misc,Miscellaneous parliamentarian financial documents: November 1642 JL
"TNA, SP 28/3A/1, ff. 35-100",003A 0035,SP 28/3A,Earl of Warwick,Parliamentarian army pay warrants signed by Earl of Warwick: November 1642 JL
"TNA, SP 28/3A/2, ff. 101-120",003A 0101,SP 28/3A,Earl of Warwick,Parliamentarian army pay warrants signed by Earl of Warwick: November 1642 JL
"TNA, SP 28/3A/2, ff. 121-206",003A 0121,SP 28/3A,Misc,Miscellaneous parliamentarian financial documents: November 1642 JL
"TNA, SP 28/3A/2, ff. 207-208",003A 0207,SP 28/3A,Essex's Army,Pay warrants signed by Earl of Essex: November 1642 JL
"TNA, SP 28/3A/3, ff. 209-295",003A 0209,SP 28/3A,Essex's Army,Pay warrants signed by Earl of Essex: November 1642 JL
"TNA, SP 28/3B/1, ff. 296-403",003B 0296,SP 28/3B,Essex's Army,Pay warrants signed by Earl of Essex: November 1642 JL
"TNA, SP 28/3B/2, ff. 404-518",003B 0404,SP 28/3B,Essex's Army,Pay warrants signed by Earl of Essex: November 1642 JL
"TNA, SP 28/4, ff. 1-121",004 0001,SP 28/4,Misc,Miscellaneous parliamentarian financial documents: December 1642 JL
"TNA, SP 28/4, ff. 122-377",004 0122,SP 28/4,Essex's Army,Pay warrants signed by Earl of Essex: December 1642 JL
"TNA, SP 28/5, ff. 1-201",005 0001,SP 28/5,Essex's Army,Pay warrants signed by Earl of Essex: January-March 1643 JL
"TNA, SP 28/5, ff. 202-263",005 0202,SP 28/5,Misc,Miscellaneous parliamentarian financial documents: January-March 1643 JL
"TNA, SP 28/5, ff. 264-352",005 0264,SP 28/5,Essex's Army,Pay warrants signed by Earl of Essex: January-March 1643 JL
"TNA, SP 28/5, ff. 353-397",005 0353,SP 28/5,Misc,Miscellaneous parliamentarian financial documents: January-March 1643 JL
"TNA, SP 28/6/1, ff. 1-26",006 0001,SP 28/6,Ordnance Office,Parliamentarian Ordnance Office pay warrants: March-April 1643 JL
"TNA, SP 28/6/1, ff. 27-69",006 0027,SP 28/6,Misc,Miscellaneous parliamentarian financial documents: March-April 1643 JL
"TNA, SP 28/6/1, ff. 70-158",006 0070,SP 28/6,Essex's Army,Pay warrants signed by Earl of Essex: March 1643 JL
"TNA, SP 28/6/2, ff. 159-162",006 0159,SP 28/6,Essex's Army,Pay warrants signed by Earl of Essex: March 1643 JL
"TNA, SP 28/6/2, ff. 163-176",006 0163,SP 28/6,Ordnance Office,Parliamentarian Ordnance Office pay warrants: March-April 1643 JL
"TNA, SP 28/6/2, ff. 177-315",006 0177,SP 28/6,Essex's Army,Pay warrants signed by Earl of Essex: April 1643 JL
"TNA, SP 28/6/3, ff. 316-348",006 0316,SP 28/6,Essex's Army,Pay warrants signed by Earl of Essex: April 1643 JL
"TNA, SP 28/6/3, ff. 349-475",006 0349,SP 28/6,Misc,Miscellaneous parliamentarian financial documents: March-April 1643 JL
"TNA, SP 28/7, ff. 1-151",007 0001,SP 28/7,Essex's Army,Pay warrants signed by Earl of Essex: May 1643 JL
"TNA, SP 28/7, ff. 152-157",007 0152,SP 28/7,Ordnance Office,Parliamentarian Ordnance Office pay warrants: May 1643 JL
"TNA, SP 28/7, ff. 158-268",007 0158,SP 28/7,Misc,Miscellaneous parliamentarian financial documents: May 1643 JL
"TNA, SP 28/7, ff. 269-281",007 0269,SP 28/7,Ordnance Office,Parliamentarian Ordnance Office pay warrants: May/June 1643 JL
"TNA, SP 28/7, ff. 282-455",007 0282,SP 28/7,Essex's Army,Pay warrants signed by Earl of Essex: June 1643 JL
"TNA, SP 28/7, ff. 456-543",007 0456,SP 28/7,Misc,Miscellaneous parliamentarian financial documents: June 1643 JL
"TNA, SP 28/8/1, ff. 1-71",008 0001,SP 28/8,Misc,Miscellaneous parliamentarian financial documents: July 1643 JL
"TNA, SP 28/8/1, ff. 72-94",008 0072,SP 28/8,Essex's Army,Pay warrants signed by Earl of Essex: July 1643 JL
"TNA, SP 28/8/2, ff. 95-169",008 0095,SP 28/8,Essex's Army,Pay warrants signed by Earl of Essex: July 1643 JL
"TNA, SP 28/8/3, ff. 170-243",008 0170,SP 28/8,Essex's Army,Pay warrants signed by Earl of Essex: July 1643 JL
"TNA, SP 28/8/3, ff. 244-248",008 0244,SP 28/8,Ordnance Office,Parliamentarian Ordnance Office pay warrants: July 1643 JL
"TNA, SP 28/9, ff. 1-301",009 0001,SP 28/9,Essex's Army,Pay warrants signed by Earl of Essex: August 1643 JL
"TNA, SP 28/9, ff. 302-395",009 0302,SP 28/9,Misc,Miscellaneous parliamentarian financial documents: August 1643 JL
"TNA, SP 28/10, ff. 1-37",010 0001,SP 28/10,Essex's Army,Pay warrants signed by Earl of Essex: September 1643 JL
"TNA, SP 28/10, ff. 38-132",010 0038,SP 28/10,Misc,Miscellaneous parliamentarian financial documents: September/October 1643 JL
"TNA, SP 28/10, ff. 133-292",010 0133,SP 28/10,Essex's Army,Pay warrants signed by Earl of Essex: October 1643 JL
"TNA, SP 28/10, ff. 293-385",010 0293,SP 28/10,Misc,Miscellaneous parliamentarian financial documents: September/October 1643 JL
"TNA, SP 28/11/1, ff. 1-52",011 0001,SP 28/11,Misc,Miscellaneous parliamentarian financial documents: November/December 1643 JL
"TNA, SP 28/11/1, ff. 53-115",011 0053,SP 28/11,Misc,"Miscellaneous parliamentarian financial documents: undated, 1643 JL"
"TNA, SP 28/11/1, ff. 116-117",011 0116,SP 28/11,Misc,Miscellaneous parliamentarian financial documents: December 1643 JL
"TNA, SP 28/11/2, ff. 118-178",011 0118,SP 28/11,Misc,Miscellaneous parliamentarian financial documents: December 1643 JL
"TNA, SP 28/11/2, ff. 179-210",011 0179,SP 28/11,Ordnance Office,Parliamentarian Ordnance Office pay warrants: November/December 1643 JL
"TNA, SP 28/11/2, ff. 211-287",011 0211,SP 28/11,Essex's Army,Pay warrants signed by Earl of Essex: December 1643 JL
"TNA, SP 28/11/3, ff. 288-330",011 0288,SP 28/11,Essex's Army,Pay warrants signed by Earl of Essex: December 1643 JL
"TNA, SP 28/11/3, ff. 331-420",011 0331,SP 28/11,Essex's Army,Pay warrants signed by Earl of Essex: November 1643 JL
"TNA, SP 28/12/1, ff. 1-64",012 0001,SP 28/12,Misc,Miscellaneous parliamentarian financial documents: January/February 1644 JL
"TNA, SP 28/12/1, ff. 65-119",012 0065,SP 28/12,Essex's Army,Pay warrants signed by Earl of Essex: February 1644 JL
"TNA, SP 28/12/2, ff. 120-182",012 0120,SP 28/12,Essex's Army,Pay warrants signed by Earl of Essex: February 1644 JL
"TNA, SP 28/12/2, ff. 183-253",012 0183,SP 28/12,Misc,Miscellaneous parliamentarian financial documents: January/February 1644 JL
"TNA, SP 28/12/3, ff. 254-289",012 0254,SP 28/12,Misc,Miscellaneous parliamentarian financial documents: January/February 1644 JL
"TNA, SP 28/12/3, ff. 290-338",012 0290,SP 28/12,Essex's Army,Pay warrants signed by Earl of Essex: January 1644 JL
"TNA, SP 28/12/3, ff. 339-356",012 0339,SP 28/12,Ordnance Office,Parliamentarian Ordnance Office pay warrants: January/February 1644 JL
"TNA, SP 28/13/1, ff. 1-98",013 0001,SP 28/13,Misc,Miscellaneous parliamentarian financial documents: March 1644 JL
"TNA, SP 28/13/1, ff. 99-127",013 0099,SP 28/13,Essex's Army,Pay warrants signed by Earl of Essex: March 1644 JL
"TNA, SP 28/13/2, ff. 128-189",013 0128,SP 28/13,Essex's Army,Pay warrants signed by Earl of Essex: March 1644 JL
"TNA, SP 28/13/2, ff. 190-231",013 0190,SP 28/13,Eastern Association,Pay warrants signed by Earl of Manchester and Eastern Association committee: March 1644 JL
"TNA, SP 28/13/2, ff. 232-243",013 0232,SP 28/13,Ordnance Office,Parliamentarian Ordnance Office pay warrants: March 1644 JL
"TNA, SP 28/14/1, ff. 1-144",014 0001,SP 28/14,Misc,Miscellaneous parliamentarian financial documents: April 1644 JL
"TNA, SP 28/14/1, ff. 145-147",014 0145,SP 28/14,Eastern Association,Pay warrants signed by Earl of Manchester and Eastern Association committee: April 1644 JL
"TNA, SP 28/14/2, ff. 148-184",014 0148,SP 28/14,Eastern Association,Pay warrants signed by Earl of Manchester and Eastern Association committee: April 1644 JL
"TNA, SP 28/14/2, ff. 185-210",014 0185,SP 28/14,Ordnance Office,Parliamentarian Ordnance Office pay warrants: April 1644 JL
"TNA, SP 28/14/2, ff. 211-259",014 0211,SP 28/14,Essex's Army,Pay warrants signed by Earl of Essex: April 1644 JL
"TNA, SP 28/14/3, ff. 260-388",014 0260,SP 28/14,Essex's Army,Pay warrants signed by Earl of Essex: April 1644 JL
"TNA, SP 28/15/1, ff. 1-98",015 0001,SP 28/15,Misc,Miscellaneous parliamentarian financial documents: May 1644 JL
"TNA, SP 28/15/1, ff. 99-123",015 0099,SP 28/15,Essex's Army,Pay warrants signed by Earl of Essex: May 1644 JL
"TNA, SP 28/15/2, ff. 124-222",015 0124,SP 28/15,Essex's Army,Pay warrants signed by Earl of Essex: May 1644 JL
"TNA, SP 28/15/3, ff. 223-251",015 0223,SP 28/15,Essex's Army,Pay warrants signed by Earl of Essex: May 1644 JL
"TNA, SP 28/15/3, ff. 252-297",015 0252,SP 28/15,Eastern Association,Pay warrants signed by Earl of Manchester and Eastern Association committee: May 1644 JL
"TNA, SP 28/15/3, ff. 298-350",015 0298,SP 28/15,Ordnance Office,Parliamentarian Ordnance Office pay warrants: May 1644 JL
"TNA, SP 28/16/1, ff. 1-113",016 0001,SP 28/16,Essex's Army,Pay warrants signed by Earl of Essex: June 1644 JL
"TNA, SP 28/16/2, ff. 114-127",016 0114,SP 28/16,Ordnance Office,Parliamentarian Ordnance Office pay warrants: June 1644 JL
"TNA, SP 28/16/2, ff. 128-183",016 0128,SP 28/16,Eastern Association,Pay warrants signed by Earl of Manchester and Eastern Association committee: June 1644 JL
"TNA, SP 28/16/2, ff. 184-237",016 0184,SP 28/16,Misc,Miscellaneous parliamentarian financial documents: June 1644 JL
"TNA, SP 28/17/1, ff. 1-52",017 0001,SP 28/17,Ordnance Office,Parliamentarian Ordnance Office pay warrants: July/August 1644 JL
"TNA, SP 28/17/1, ff. 53-147",017 0053,SP 28/17,Essex's Army,Pay warrants signed by Earl of Essex: July 1644 JL
"TNA, SP 28/17/1, ff. 148-157",017 0148,SP 28/17,Eastern Association,Pay warrants signed by Earl of Manchester and Eastern Association committee: July/August 1644 JL
"TNA, SP 28/17/2, ff. 158-222",017 0158,SP 28/17,Eastern Association,Pay warrants signed by Earl of Manchester and Eastern Association committee: July/August 1644 JL
"TNA, SP 28/17/2, ff. 223-285",017 0223,SP 28/17,Misc,Miscellaneous parliamentarian financial documents but with some stray warrants signed by Earls of Essex and Manchester: July/August 1644 JL
"TNA, SP 28/17/2, ff. 286-319",017 0286,SP 28/17,Essex's Army,Pay warrants signed by Earl of Essex: August 1644 JL
"TNA, SP 28/17/3, ff. 320-325",017 0320,SP 28/17,Essex's Army,Pay warrants signed by Earl of Essex: August 1644 JL
"TNA, SP 28/17/3, ff. 326-419",017 0326,SP 28/17,Eastern Association,Pay warrants signed by Earl of Manchester and Eastern Association committee: July/August 1644 JL
"TNA, SP 28/17/3, ff. 420-462",017 0420,SP 28/17,Ordnance Office,Parliamentarian Ordnance Office pay warrants: July/August 1644 JL
"TNA, SP 28/17/3, ff. 463-518",017 0463,SP 28/17,Misc,Miscellaneous parliamentarian financial documents: July/August 1644 JL
"TNA, SP 28/18/1, ff. 1-105",018 0001,SP 28/18,Essex's Army,Pay warrants signed by Earl of Essex: September 1644 JL
"TNA, SP 28/18/2, ff. 106-135",018 0106,SP 28/18,Essex's Army,Pay warrants signed by Earl of Essex: September 1644 JL
"TNA, SP 28/18/2, ff. 136-267",018 0136,SP 28/18,Eastern Association,Pay warrants signed by Earl of Manchester and Eastern Association committee: September 1644 JL
"TNA, SP 28/18/3, ff. 268-332",018 0268,SP 28/18,Eastern Association,Pay warrants signed by Earl of Manchester and Eastern Association committee: September 1644 JL
"TNA, SP 28/18/3, ff. 333-398",018 0333,SP 28/18,Misc,Miscellaneous parliamentarian financial documents: September 1644 JL
"TNA, SP 28/18/3, ff. 399-434",018 0399,SP 28/18,Ordnance Office,Parliamentarian Ordnance Office pay warrants: September 1644 JL
"TNA, SP 28/19/1, ff. 1-111",019 0001,SP 28/19,Essex's Army,Pay warrants signed by Earl of Essex: October 1644 JL
"TNA, SP 28/19/1, ff. 112-119",019 0112,SP 28/19,Misc,Miscellaneous parliamentarian financial documents: October 1644 JL
"TNA, SP 28/19/2, ff. 120-150",019 0120,SP 28/19,Misc,Miscellaneous parliamentarian financial documents: October 1644 JL
"TNA, SP 28/19/2, ff. 151-215",019 0151,SP 28/19,Ordnance Office,Parliamentarian Ordnance Office pay warrants: October 1644 JL
"TNA, SP 28/19/2, ff. 216-310",019 0216,SP 28/19,Eastern Association,Pay warrants signed by Earl of Manchester and Eastern Association committee: October 1644 JL
"TNA, SP 28/19/3, ff. 311-464",019 0311,SP 28/19,Eastern Association,Pay warrants signed by Earl of Manchester and Eastern Association committee: October 1644 JL
"TNA, SP 28/20/1, ff. 1-38",020 0001,SP 28/20,Ordnance Office,Parliamentarian Ordnance Office pay warrants: November 1644 JL
"TNA, SP 28/20/1, ff. 39-82",020 0039,SP 28/20,Essex's Army,Pay warrants signed by Earl of Essex: November 1644 JL
"TNA, SP 28/20/1, ff. 83-104",020 0083,SP 28/20,Misc,Miscellaneous parliamentarian financial documents: November 1644 JL
"TNA, SP 28/20/1, ff. 105-162",020 0105,SP 28/20,Eastern Association,Pay warrants signed by Earl of Manchester and Eastern Association committee: November 1644 JL
"TNA, SP 28/20/2, ff. 163-270",020 0163,SP 28/20,Eastern Association,Pay warrants signed by Earl of Manchester and Eastern Association committee: November 1644 JL
"TNA, SP 28/20/3, ff. 271-407",020 0271,SP 28/20,Eastern Association,Pay warrants signed by Earl of Manchester and Eastern Association committee: November 1644 JL
"TNA, SP 28/21/1, ff. 1-128",021 0001,SP 28/21,Eastern Association,Pay warrants signed by Earl of Manchester and Eastern Association committee: December 1644 JL
"TNA, SP 28/21/1, ff. 129-131",021 0129,SP 28/21,Essex's Army,Pay warrants signed by Earl of Essex: December 1644 JL
"TNA, SP 28/21/2, ff. 132-188",021 0132,SP 28/21,Essex's Army,Pay warrants signed by Earl of Essex: December 1644 JL
"TNA, SP 28/21/2, ff. 189-201",021 0189,SP 28/21,Misc,Miscellaneous parliamentarian financial documents: December 1644 JL
"TNA, SP 28/21/2, ff. 202-239",021 0202,SP 28/21,Ordnance Office,Parliamentarian Ordnance Office pay warrants: December 1644 JL
"TNA, SP 28/21/2, ff. 240-309",021 0240,SP 28/21,Misc,Miscellaneous parliamentarian financial documents: December 1644 JL
"TNA, SP 28/22/1, ff. 1-207",022 0001,SP 28/22,Misc,"Miscellaneous parliamentarian financial documents: undated, 1644 JL"
"TNA, SP 28/22/2, ff. 208-394",022 0208,SP 28/22,Misc,"Miscellaneous parliamentarian financial documents, including Eastern Association warrants: undated, 1644 JL"
"TNA, SP 28/23",,SP 28/23,Eastern Association,"Parliamentarian pay warrants signed by Earl of Manchester and Eastern Association committee: 1644 JL. 1 box, 3 bound volumes, folios 1-480."
"TNA, SP 28/23/1, ff. 1-147",023 0001,SP 28/23,Eastern Association,"Pay warrants signed by Earl of Manchester and Eastern Association committee, and other Eastern Association Financial documents: 1644 JL"
"TNA, SP 28/23/2, ff. 148-337",023 0148,SP 28/23,Eastern Association,Pay warrants signed by Earl of Manchester and Eastern Association committee: 1644 JL
"TNA, SP 28/23/3, ff. 338-480",023 0338,SP 28/23,Eastern Association,Pay warrants signed by Earl of Manchester and Eastern Association committee: 1644 JL
"TNA, SP 28/24",,SP 28/24,Eastern Association,"Parliamentarian pay warrants signed by Earl of Manchester and Eastern Association committee: 1644 JL. 1 box, 5 bound volumes, folios 1-649."
"TNA, SP 28/24/1, ff. 1-136",024 0001,SP 28/24,Eastern Association,Pay warrants signed by Earl of Manchester and Eastern Association committee: 1644 JL
"TNA, SP 28/24/2, ff. 137-277",024 0137,SP 28/24,Eastern Association,Pay warrants signed by Earl of Manchester and Eastern Association committee: 1644 JL
"TNA, SP 28/24/3, ff. 278-413",024 0278,SP 28/24,Eastern Association,Pay warrants signed by Earl of Manchester and Eastern Association committee: 1644 JL
"TNA, SP 28/24/4, ff. 414-530",024 0414,SP 28/24,Eastern Association,Pay warrants signed by Earl of Manchester and Eastern Association committee: 1644 JL
"TNA, SP 28/24/5, ff. 531-649",024 0531,SP 28/24,Eastern Association,Pay warrants signed by Earl of Manchester and Eastern Association committee: 1644 JL
"TNA, SP 28/25",,SP 28/25,Eastern Association,"Parliamentarian pay warrants signed by Earl of Manchester and Eastern Association committee: 1644 JL. 1 box, 4 bound volumes, folios 1-575."
"TNA, SP 28/25/1, ff. 1-172",025 0001,SP 28/25,Eastern Association,Pay warrants signed by Earl of Manchester and Eastern Association committee: 1644 JL
"TNA, SP 28/25/2, ff. 173-311",025 0173,SP 28/25,Eastern Association,Pay warrants signed by Earl of Manchester and Eastern Association committee: 1644 JL
"TNA, SP 28/25/3, ff. 312-453",025 0312,SP 28/25,Eastern Association,Pay warrants signed by Earl of Manchester and Eastern Association committee: 1644 JL
"TNA, SP 28/25/4, ff. 454-575",025 0454,SP 28/25,Eastern Association,Pay warrants signed by Earl of Manchester and Eastern Association committee: 1644 JL
"TNA, SP 28/26",,SP 28/26,Eastern Association,"Parliamentarian pay warrants signed by Earl of Manchester and Eastern Association committee: 1644 JL. 2 boxes, 6 bound volumes, folios 1-863."
"TNA, SP 28/26/1, ff. 1-102",026 0001,SP 28/26,Eastern Association,Pay warrants signed by Earl of Manchester and Eastern Association committee: 1644 JL
"TNA, SP 28/26/2, ff. 103-215",026 0103,SP 28/26,Eastern Association,Pay warrants signed by Earl of Manchester and Eastern Association committee: 1644 JL
"TNA, SP 28/26/3, ff. 216-336",026 0216,SP 28/26,Eastern Association,Pay warrants signed by Earl of Manchester and Eastern Association committee: 1644 JL
"TNA, SP 28/26/4, ff. 337-488",026 0337,SP 28/26,Eastern Association,Pay warrants signed by Earl of Manchester and Eastern Association committee: 1644 JL
"TNA, SP 28/26/5, ff. 489-671",026 0489,SP 28/26,Eastern Association,Pay warrants signed by Earl of Manchester and Eastern Association committee: 1644 JL
"TNA, SP 28/26/6, ff. 672-863",026 0672,SP 28/26,Eastern Association,Pay warrants signed by Earl of Manchester and Eastern Association committee: 1644 JL
"TNA, SP 28/27/1, ff. 15-40",027 0015,SP 28/27,Ordnance Office,Parliamentarian Ordnance Office pay warrants: January 1645 JL
"TNA, SP 28/27/1, ff. 43-163",027 0043,SP 28/27,Eastern Association,Pay warrants signed by Earl of Manchester and Eastern Association committee: January 1645 JL
"TNA, SP 28/27/2, ff. 164-277",027 0164,SP 28/27,Eastern Association,Pay warrants signed by Earl of Manchester and Eastern Association committee: January 1645 JL
"TNA, SP 28/27/3, ff. 278-335",027 0278,SP 28/27,Eastern Association,Pay warrants signed by Earl of Manchester and Eastern Association committee: January 1645 JL
"TNA, SP 28/27/3, ff. 336-387",027 0336,SP 28/27,Misc,Miscellaneous parliamentarian financial documents: January 1645 JL
"TNA, SP 28/27/3, ff. 388-416",027 0388,SP 28/27,Misc,Miscellaneous parliamentarian financial documents: January 1645 JL
"TNA, SP 28/27/3, ff. 417-487",027 0417,SP 28/27,Essex's Army,Pay warrants signed by Earl of Essex: January 1645 JL
"TNA, SP 28/28/1, ff. 1-94",028 0001,SP 28/28,Essex's Army,Pay warrants signed by Earl of Essex: March 1645 JL
"TNA, SP 28/28/2, ff. 95-136",028 0095,SP 28/28,Essex's Army,Pay warrants signed by Earl of Essex: March 1645 JL
"TNA, SP 28/28/2, ff. 137-143",028 0137,SP 28/28,Eastern Association,Pay warrants signed by Earl of Manchester and Eastern Association committee: February 1645 JL
"TNA, SP 28/28/2, ff. 144-187",028 0144,SP 28/28,Ordnance Office,Parliamentarian Ordnance Office pay warrants: February 1645 JL
"TNA, SP 28/28/2, ff. 188-202",028 0188,SP 28/28,Eastern Association,Pay warrants signed by Earl of Manchester and Eastern Association committee: March 1645 JL
"TNA, SP 28/28/3, ff. 203-215",028 0203,SP 28/28,Eastern Association,Pay warrants signed by Earl of Manchester and Eastern Association committee: March 1645 JL
"TNA, SP 28/28/3, ff. 216-247",028 0216,SP 28/28,Ordnance Office,Parliamentarian Ordnance Office pay warrants: March 1645 JL
"TNA, SP 28/28/3, ff. 248-327",028 0248,SP 28/28,Misc,Miscellaneous parliamentarian financial documents: March 1645 JL
"TNA, SP 28/28/3, ff. 328-357",028 0328,SP 28/28,Misc,Miscellaneous parliamentarian financial documents: February 1645 JL
"TNA, SP 28/28/4, ff. 358-381",028 0358,SP 28/28,Misc,Miscellaneous parliamentarian financial documents: February 1645 JL
"TNA, SP 28/28/4, ff. 382-463",028 0382,SP 28/28,Essex's Army,Pay warrants signed by Earl of Essex: February/March 1645 JL
"TNA, SP 28/29/1, ff. 1-117",029 0001,SP 28/29,NMA (Fairfax),New Model Army pay warrants signed by Sir Thomas Fairfax: April 1645 JL
"TNA, SP 28/29/1, ff. 118-151",029 0118,SP 28/29,Ordnance Office,Parliamentarian Ordnance Office pay warrants: April 1645 JL
"TNA, SP 28/29/1, ff. 152-163",029 0152,SP 28/29,Essex's Army,Pay warrants signed by Earl of Essex: April 1645 JL
"TNA, SP 28/29/1, ff. 164-246",029 0164,SP 28/29,NMA (Army Committee),Pay warrants signed by Army Committee for supplies for New Model Army: April 1645 JL
"TNA, SP 28/29/2, ff. 247-259",029 0247,SP 28/29,NMA (Army Committee),Pay warrants signed by Army Committee for supplies for New Model Army: April 1645 JL
"TNA, SP 28/29/2, ff. 260-263",029 0260,SP 28/29,NMA (Fairfax),New Model Army pay warrants signed by Sir Thomas Fairfax: April 1645 JL
"TNA, SP 28/29/2, ff. 264-478",029 0264,SP 28/29,Misc,"Miscellaneous parliamentarian financial documents, including Army Committee warrants, certificates for wagoners in Essex's artillery train, and certificates and receipts relating to officers discharged at reduction into New Model Army: April 1645 JL"
"TNA, SP 28/30/1, ff. 1-118",030 0001,SP 28/30,Misc,"Miscellaneous parliamentarian financial documents, including New Model Army, Eastern Association, and Essex's artillery train: May 1645 JL"
"TNA, SP 28/30/2, ff. 120-125",030 0120,SP 28/30,Northern Army,"Northern Association pay warrants signed by Ferdinando, Lord Fairfax: May 1645 JL"
"TNA, SP 28/30/2, ff. 126-208",030 0126,SP 28/30,NMA (Fairfax),New Model Army pay warrants signed by Sir Thomas Fairfax: May 1645 JL
"TNA, SP 28/30/3, ff. 209-238",030 0209,SP 28/30,NMA (Fairfax),New Model Army pay warrants signed by Sir Thomas Fairfax: May 1645 JL
"TNA, SP 28/30/3, ff. 239-251",030 0239,SP 28/30,Ordnance Office,Parliamentarian Ordnance Office pay warrants: May 1645 JL
"TNA, SP 28/30/3, ff. 252-278",030 0252,SP 28/30,Misc,Miscellaneous parliamentarian financial documents: May 1645 JL
"TNA, SP 28/30/3, ff. 279-304",030 0279,SP 28/30,Ordnance Office,Parliamentarian Ordnance Office pay warrants: May 1645 JL
"TNA, SP 28/30/3, ff. 307-330",030 0307,SP 28/30,NMA (Cromwell),New Model Army pay warrants signed by Oliver Cromwell: May 1645 JL
"TNA, SP 28/30/4, ff. 331-335",030 0331,SP 28/30,NMA (Cromwell),New Model Army pay warrants signed by Oliver Cromwell: May 1645 JL
"TNA, SP 28/30/4, ff. 336-366",030 0336,SP 28/30,NMA (Army Committee),Pay warrants signed by Army Committee for supplies for New Model Army: May 1645 JL
"TNA, SP 28/30/4, ff. 367-394",030 0367,SP 28/30,NMA (Army Committee),Pay warrants signed by Army Committee for supplies for New Model Army: June 1645 JL
"TNA, SP 28/30/4, ff. 396-417",030 0396,SP 28/30,NMA (Fairfax),New Model Army pay warrants signed by Sir Thomas Fairfax: June 1645 JL
"TNA, SP 28/30/5, ff. 418-525",030 0418,SP 28/30,NMA (Fairfax),New Model Army pay warrants signed by Sir Thomas Fairfax: June 1645 JL
"TNA, SP 28/30/6, ff. 526-600",030 0526,SP 28/30,NMA (Fairfax),New Model Army pay warrants signed by Sir Thomas Fairfax: June 1645 JL
"TNA, SP 28/30/6, ff. 627-632",030 0627,SP 28/30,Essex's Army,Pay warrants and certificates signed by Earl of Essex: June 1645 JL
"TNA, SP 28/30/6, ff. 633-639",030 0633,SP 28/30,Ordnance Office,Parliamentarian Ordnance Office pay warrants: June 1645 JL
"TNA, SP 28/30/7, ff. 640-646",030 0640,SP 28/30,Ordnance Office,Parliamentarian Ordnance Office pay warrants: June 1645 JL
"TNA, SP 28/30/7, ff. 647-775",030 0647,SP 28/30,Misc,Miscellaneous parliamentarian financial documents: June 1645 JL
"TNA, SP 28/31/1, ff. 1-115",031 0001,SP 28/31,NMA (Fairfax),New Model Army pay warrants signed by Sir Thomas Fairfax: July 1645 JL
"TNA, SP 28/31/2, ff. 116-130",031 0116,SP 28/31,NMA (Fairfax),New Model Army pay warrants signed by Sir Thomas Fairfax: July 1645 JL
"TNA, SP 28/31/2, ff. 131-215",031 0131,SP 28/31,NMA (Fairfax),New Model Army pay warrants signed by Sir Thomas Fairfax: August 1645 JL
"TNA, SP 28/31/3, ff. 216-321",031 0216,SP 28/31,NMA (Fairfax),New Model Army pay warrants signed by Sir Thomas Fairfax: August 1645 JL
"TNA, SP 28/31/4, ff. 322-325",031 0322,SP 28/31,NMA (Fairfax),New Model Army pay warrants signed by Sir Thomas Fairfax: August 1645 JL
"TNA, SP 28/31/4, ff. 327-332",031 0327,SP 28/31,Ordnance Office,Parliamentarian Ordnance Office pay warrants: August 1645 JL
"TNA, SP 28/31/4, ff. 333-435",031 0333,SP 28/31,Misc,"Miscellaneous parliamentarian financial documents, including New Model Army and Waller's Army: July 1645 JL."
"TNA, SP 28/31/4, ff. 436-443",031 0436,SP 28/31,NMA (Army Committee),Pay warrants signed by Army Committee for supplies for New Model Army: August 1645 JL
"TNA, SP 28/31/5, ff. 444-477",031 0444,SP 28/31,NMA (Army Committee),Pay warrants signed by Army Committee for supplies for New Model Army: August 1645 JL
"TNA, SP 28/31/5, ff. 478-478",031 0478,SP 28/31,Misc,Miscellaneous parliamentarian financial documents: July/August 1645 JL
"TNA, SP 28/31/5, ff. 479-548",031 0479,SP 28/31,NMA (Army Committee),Pay warrants signed by Army Committee for supplies for New Model Army: July 1645 JL
"TNA, SP 28/31/6, ff. 549-552",031 0549,SP 28/31,NMA (Army Committee),Pay warrants signed by Army Committee for supplies for New Model Army: July 1645 JL
"TNA, SP 28/31/6, ff. 570-655",031 0570,SP 28/31,Misc,Miscellaneous parliamentarian financial documents: August 1645 JL
"TNA, SP 28/31/6, ff. 656-661",031 0656,SP 28/31,Ordnance Office,Parliamentarian Ordnance Office pay warrants: July 1645 JL
"TNA, SP 28/32/1, ff. 1-32",032 0001,SP 28/32,NMA (Army Committee),Pay warrants signed by Army Committee for supplies for New Model Army: October 1645 JL
"TNA, SP 28/32/1, ff. 33-134",032 0033,SP 28/32,Misc,Miscellaneous parliamentarian financial documents: October 1645 JL
"TNA, SP 28/32/1, ff. 135-144",032 0135,SP 28/32,NMA (Fairfax),New Model Army pay warrants signed by Sir Thomas Fairfax: October 1645 JL
"TNA, SP 28/32/2, ff. 145-230",032 0145,SP 28/32,NMA (Fairfax),New Model Army pay warrants signed by Sir Thomas Fairfax: October 1645 JL
"TNA, SP 28/32/2, ff. 234-254",032 0234,SP 28/32,NMA (Cromwell),New Model Army pay warrants signed by Oliver Cromwell: October 1645 JL
"TNA, SP 28/32/2, ff. 255-273",032 0255,SP 28/32,Essex's Army,Certificates and copies of pay warrants signed by Earl of Essex: October 1645 JL and various other dates.
"TNA, SP 28/32/3, ff. 274-279",032 0274,SP 28/32,Essex's Army,Certificates and copies of pay warrants signed by Earl of Essex: October 1645 JL and various other dates.
"TNA, SP 28/32/3, ff. 280-333",032 0280,SP 28/32,Misc,Miscellaneous parliamentarian financial documents: September 1645 JL
"TNA, SP 28/32/3, ff. 334-389",032 0334,SP 28/32,NMA (Army Committee),Pay warrants signed by Army Committee for supplies for New Model Army: September 1645 JL
"TNA, SP 28/32/3, ff. 390-414",032 0390,SP 28/32,NMA (Fairfax),New Model Army pay warrants signed by Sir Thomas Fairfax: September 1645 JL
"TNA, SP 28/33/1, ff. 1-97",033 0001,SP 28/33,NMA (Fairfax),New Model Army pay warrants signed by Sir Thomas Fairfax: November 1645 JL
"TNA, SP 28/33/2, ff. 98-142",033 0098,SP 28/33,NMA (Fairfax),New Model Army pay warrants signed by Sir Thomas Fairfax: November 1645 JL
"TNA, SP 28/33/2, ff. 145-169",033 0145,SP 28/33,NMA (Army Committee),Pay warrants signed by Army Committee for supplies for New Model Army: November 1645 JL
"TNA, SP 28/33/2, ff. 170-182",033 0170,SP 28/33,Ordnance Office,Parliamentarian Ordnance Office pay warrants: November 1645 JL
"TNA, SP 28/33/2, ff. 183-210",033 0183,SP 28/33,NMA (Army Committee),Pay warrants signed by Army Committee for supplies for New Model Army: December 1645 JL
"TNA, SP 28/33/3, ff. 211-220",033 0211,SP 28/33,NMA (Army Committee),Pay warrants signed by Army Committee for supplies for New Model Army: December 1645 JL
"TNA, SP 28/33/3, ff. 221-384",033 0221,SP 28/33,Misc,Miscellaneous parliamentarian financial documents: November 1645 JL
"TNA, SP 28/33/4, ff. 385-497",033 0385,SP 28/33,Misc,Miscellaneous parliamentarian financial documents: December 1645 JL. Includes certificates and accounts relating to Adam Baynard's troop of horse in Essex's Army.
"TNA, SP 28/33/4, ff. 498-506",033 0498,SP 28/33,NMA (Fairfax),New Model Army pay warrants signed by Sir Thomas Fairfax: December 1645 JL
"TNA, SP 28/33/5, ff. 507-626",033 0507,SP 28/33,NMA (Fairfax),New Model Army pay warrants signed by Sir Thomas Fairfax: December 1645 JL
"TNA, SP 28/34/1, ff. 1-150",034 0001,SP 28/34,Misc,"Miscellaneous parliamentarian financial documents, including Ordnance Office, and armies of Lord Fairfax, Earl of Essex, and Sir William Waller: various dates, 1645 JL"
"TNA, SP 28/34/2, ff. 151-223",034 0151,SP 28/34,Misc,"Miscellaneous parliamentarian financial documents: various dates, 1645 JL"
"TNA, SP 28/34/2, ff. 224-300",034 0224,SP 28/34,Misc,"Miscellaneous parliamentarian financial documents, including records of buying arms for the Earl of Denbigh: various dates, 1645 JL"
"TNA, SP 28/34/3, ff. 301-313",034 0301,SP 28/34,Misc,"Miscellaneous parliamentarian financial documents, including records of buying arms for the Earl of Denbigh: various dates, 1645 JL"
"TNA, SP 28/34/3, ff. 314-343",034 0314,SP 28/34,Misc,"Miscellaneous parliamentarian financial documents: various dates, 1645 JL"
"TNA, SP 28/34/3, ff. 344-356",034 0344,SP 28/34,Eastern Association,"Pay warrants signed by Earl of Manchester and Eastern Association committee: various dates, 1645 JL"
"TNA, SP 28/34/3, ff. 357-449",034 0357,SP 28/34,Misc,"Miscellaneous parliamentarian financial documents: various dates, 1645 JL"
"TNA, SP 28/34/4, ff. 450-581",034 0450,SP 28/34,Misc,"Miscellaneous parliamentarian financial documents: various dates, 1645 JL"
"TNA, SP 28/35/1, ff. 1-172",035 0001,SP 28/35,Misc,"Miscellaneous parliamentarian financial documents: various dates, 1645 JL"
"TNA, SP 28/35/2, ff. 173-304",035 0173,SP 28/35,Misc,"Miscellaneous parliamentarian financial documents: various dates, 1645 JL"
"TNA, SP 28/35/3, ff. 305-466",035 0305,SP 28/35,Misc,"Miscellaneous parliamentarian financial documents, including county committees of Northamptonshire and Surrey: various dates, 1645 JL"
"TNA, SP 28/35/4, ff. 467-647",035 0467,SP 28/35,Misc,"Miscellaneous parliamentarian financial documents: various dates, 1645 JL"
"TNA, SP 28/35/5, ff. 648-800",035 0648,SP 28/35,Misc,"Miscellaneous parliamentarian financial documents: various dates, 1645 JL"
"TNA, SP 28/36/1, ff. 1-87",036 0001,SP 28/36,Misc,"Miscellaneous parliamentarian financial documents: mostly February 1646 JL, some January."
"TNA, SP 28/36/1, ff. 88-130",036 0088,SP 28/36,NMA (Fairfax),New Model Army pay warrants signed by Sir Thomas Fairfax: February 1646 JL
"TNA, SP 28/36/2, ff. 131-163",036 0131,SP 28/36,NMA (Fairfax),New Model Army pay warrants signed by Sir Thomas Fairfax: February 1646 JL
"TNA, SP 28/36/2, ff. 164-248",036 0164,SP 28/36,NMA (Army Committee),Pay warrants signed by Army Committee for supplies for New Model Army: February 1646 JL
"TNA, SP 28/36/3, ff. 249-253",036 0249,SP 28/36,NMA (Army Committee),Pay warrants signed by Army Committee for supplies for New Model Army: February 1646 JL
"TNA, SP 28/36/3, ff. 254-350",036 0254,SP 28/36,Misc,Miscellaneous parliamentarian financial documents: February 1646 JL
"TNA, SP 28/36/4, ff. 351-472",036 0351,SP 28/36,Misc,Miscellaneous parliamentarian financial documents: February 1646 JL
"TNA, SP 28/36/5, ff. 473-549",036 0473,SP 28/36,Misc,Miscellaneous parliamentarian financial documents: January 1646 JL
"TNA, SP 28/36/5, ff. 550-594",036 0550,SP 28/36,NMA (Fairfax),New Model Army pay warrants signed by Sir Thomas Fairfax: January 1646 JL
"TNA, SP 28/36/5, ff. 595-603",036 0595,SP 28/36,Misc,Miscellaneous parliamentarian financial documents: December 1645 to January 1646 JL
"TNA, SP 28/36/5, ff. 604-611",036 0604,SP 28/36,NMA (Fairfax),New Model Army pay warrants signed by Sir Thomas Fairfax: January 1646 JL
"TNA, SP 28/36/6, ff. 612-615",036 0612,SP 28/36,NMA (Fairfax),New Model Army pay warrants signed by Sir Thomas Fairfax: January 1646 JL
"TNA, SP 28/36/6, ff. 616-642",036 0616,SP 28/36,Misc,Miscellaneous parliamentarian financial documents: January 1646 JL
"TNA, SP 28/36/6, ff. 643-709",036 0643,SP 28/36,NMA (Army Committee),Pay warrants signed by Army Committee for supplies for New Model Army: January 1646 JL
"TNA, SP 28/37/1, ff. 1-141",037 0001,SP 28/37,Misc,Miscellaneous parliamentarian financial documents: March 1646 JL
"TNA, SP 28/37/2, ff. 142-186",037 0142,SP 28/37,Misc,Miscellaneous parliamentarian financial documents: March 1646 JL
"TNA, SP 28/37/2, ff. 187-272",037 0187,SP 28/37,NMA (Fairfax),New Model Army pay warrants signed by Sir Thomas Fairfax: March 1646 JL
"TNA, SP 28/37/3, ff. 273-329",037 0273,SP 28/37,NMA (Fairfax),New Model Army pay warrants signed by Sir Thomas Fairfax: March 1646 JL
"TNA, SP 28/37/3, ff. 330-381",037 0330,SP 28/37,NMA (Army Committee),Pay warrants signed by Army Committee for supplies for New Model Army: March 1646 JL
"TNA, SP 28/37/4, ff. 382-437",037 0382,SP 28/37,NMA (Army Committee),Pay warrants signed by Army Committee for supplies for New Model Army: March 1646 JL
"TNA, SP 28/37/4, ff. 438-447",037 0438,SP 28/37,Ordnance Office,Parliamentarian Ordnance Office pay warrants: April 1646 JL
"TNA, SP 28/37/4, ff. 448-490",037 0448,SP 28/37,Misc,Miscellaneous parliamentarian financial documents: April 1646 JL
"TNA, SP 28/37/5, ff. 491-534",037 0491,SP 28/37,Misc,Miscellaneous parliamentarian financial documents: April 1646 JL
"TNA, SP 28/37/5, ff. 535-605",037 0535,SP 28/37,NMA (Fairfax),New Model Army pay warrants signed by Sir Thomas Fairfax: April 1646 JL
"TNA, SP 28/37/6, ff. 606-637",037 0606,SP 28/37,NMA (Fairfax),New Model Army pay warrants signed by Sir Thomas Fairfax: April 1646 JL
"TNA, SP 28/37/6, ff. 638-675",037 0638,SP 28/37,Misc,Miscellaneous parliamentarian financial documents: April 1646 JL
"TNA, SP 28/37/6, ff. 676-730",037 0676,SP 28/37,NMA (Army Committee),Pay warrants signed by Army Committee for supplies for New Model Army: April 1646 JL
"TNA, SP 28/38/1, ff. 1-83",038 0001,SP 28/38,NMA (Fairfax),New Model Army pay warrants signed by Sir Thomas Fairfax: May 1646 JL
"TNA, SP 28/38/2, ff. 84-164",038 0084,SP 28/38,NMA (Fairfax),New Model Army pay warrants signed by Sir Thomas Fairfax: May 1646 JL
"TNA, SP 28/38/3, ff. 165-177",038 0165,SP 28/38,NMA (Fairfax),New Model Army pay warrants signed by Sir Thomas Fairfax: May 1646 JL
"TNA, SP 28/38/3, ff. 178-264",038 0178,SP 28/38,Misc,Miscellaneous parliamentarian financial documents: May 1646 JL
"TNA, SP 28/38/3, ff. 265-270",038 0265,SP 28/38,Ordnance Office,Parliamentarian Ordnance Office pay warrants: May 1646 JL
"TNA, SP 28/38/3, ff. 271-299",038 0271,SP 28/38,NMA (Army Committee),Pay warrants signed by Army Committee for supplies for New Model Army: May 1646 JL
"TNA, SP 28/38/4, ff. 300-313",038 0300,SP 28/38,NMA (Army Committee),Pay warrants signed by Army Committee for supplies for New Model Army: May 1646 JL
"TNA, SP 28/38/4, ff. 314-393",038 0314,SP 28/38,NMA (Fairfax),New Model Army pay warrants signed by Sir Thomas Fairfax: June 1646 JL
"TNA, SP 28/38/5, ff. 394-433",038 0394,SP 28/38,NMA (Fairfax),New Model Army pay warrants signed by Sir Thomas Fairfax: June 1646 JL
"TNA, SP 28/38/5, ff. 434-479",038 0434,SP 28/38,NMA (Army Committee),Pay warrants signed by Army Committee for supplies for New Model Army: June 1646 JL
"TNA, SP 28/38/5, ff. 480-484",038 0480,SP 28/38,Misc,Miscellaneous parliamentarian financial documents: June 1646 JL
"TNA, SP 28/38/5, ff. 485-496",038 0485,SP 28/38,Ordnance Office,Parliamentarian Ordnance Office pay warrants: June 1646 JL
"TNA, SP 28/38/6, ff. 497-497",038 0497,SP 28/38,Ordnance Office,Parliamentarian Ordnance Office pay warrants: June 1646 JL
"TNA, SP 28/38/6, ff. 498-627",038 0498,SP 28/38,Misc,Miscellaneous parliamentarian financial documents: June 1646 JL
"TNA, SP 28/39/1, ff. 1-81",039 0001,SP 28/39,NMA (Fairfax),New Model Army pay warrants signed by Sir Thomas Fairfax: July 1646 JL
"TNA, SP 28/39/1, ff. 82-83",039 0082,SP 28/39,Essex's Army,Pay warrants signed by Earl of Essex: July/August 1646 JL
"TNA, SP 28/39/1, ff. 84-84",039 0084,SP 28/39,NMA (Fairfax),New Model Army pay warrants signed by Sir Thomas Fairfax: July 1646 JL
"TNA, SP 28/39/1, ff. 85-98",039 0085,SP 28/39,NMA (Army Committee),Pay warrants signed by Army Committee for supplies for New Model Army: July 1646 JL
"TNA, SP 28/39/2, ff. 99-101",039 0099,SP 28/39,NMA (Army Committee),Pay warrants signed by Army Committee for supplies for New Model Army: July 1646 JL
"TNA, SP 28/39/2, ff. 102-115",039 0102,SP 28/39,Ordnance Office,Parliamentarian Ordnance Office pay warrants: July 1646 JL
"TNA, SP 28/39/2, ff. 116-223",039 0116,SP 28/39,Misc,Miscellaneous parliamentarian financial documents: July 1646 JL
"TNA, SP 28/39/2, ff. 224-230",039 0224,SP 28/39,NMA (Fairfax),New Model Army pay warrants signed by Sir Thomas Fairfax: August 1646 JL
"TNA, SP 28/39/3, ff. 231-344",039 0231,SP 28/39,NMA (Fairfax),New Model Army pay warrants signed by Sir Thomas Fairfax: August 1646 JL
"TNA, SP 28/39/4, ff. 345-425",039 0345,SP 28/39,NMA (Fairfax),New Model Army pay warrants signed by Sir Thomas Fairfax: August 1646 JL
"TNA, SP 28/39/4, ff. 426-459",039 0426,SP 28/39,NMA (Army Committee),Pay warrants signed by Army Committee for supplies for New Model Army: August 1646 JL
"TNA, SP 28/39/5, ff. 460-460",039 0460,SP 28/39,NMA (Army Committee),Pay warrants signed by Army Committee for supplies for New Model Army: August 1646 JL
"TNA, SP 28/39/5, ff. 461-593",039 0461,SP 28/39,Misc,Miscellaneous parliamentarian financial documents: August 1646 JL
"TNA, SP 28/40/1, ff. 1-150",040 0001,SP 28/40,Misc,Miscellaneous parliamentarian financial documents: September and October 1646 JL
"TNA, SP 28/40/2, ff. 151-193",040 0151,SP 28/40,Misc,Miscellaneous parliamentarian financial documents: September and October 1646 JL
"TNA, SP 28/40/2, ff. 194-202",040 0194,SP 28/40,Ordnance Office,Parliamentarian Ordnance Office pay warrants: October 1646 JL
"TNA, SP 28/40/2, ff. 203-213",040 0203,SP 28/40,NMA (Fairfax),New Model Army pay warrants signed by Sir Thomas Fairfax: October 1646 JL
"TNA, SP 28/40/2, ff. 214-218",040 0214,SP 28/40,Misc,Miscellaneous parliamentarian financial documents: September 1646 JL
"TNA, SP 28/40/2, ff. 219-220",040 0219,SP 28/40,Ordnance Office,Parliamentarian Ordnance Office pay warrants: August 1646 JL
"TNA, SP 28/40/2, ff. 221-251A",040 0221,SP 28/40,Misc,Miscellaneous parliamentarian financial documents: September 1646 JL
"TNA, SP 28/40/2, ff. 252-285",040 0252,SP 28/40,NMA (Fairfax),New Model Army pay warrants signed by Sir Thomas Fairfax: September 1646 JL
"TNA, SP 28/40/2, ff. 286-317",040 0286,SP 28/40,Ordnance Office,Parliamentarian Ordnance Office pay warrants: September 1646 JL
"TNA, SP 28/41/1, ff. 1-124",041 0001,SP 28/41,Misc,Miscellaneous parliamentarian financial documents: December 1646 JL
"TNA, SP 28/41/2, ff. 125-159",041 0125,SP 28/41,Misc,Miscellaneous parliamentarian financial documents: December 1646 JL
"TNA, SP 28/41/2, ff. 160-216",041 0160,SP 28/41,NMA (Army Committee),Pay warrants signed by Army Committee for supplies for New Model Army: December 1646 JL
"TNA, SP 28/41/3, ff. 217-241",041 0217,SP 28/41,NMA (Army Committee),Pay warrants signed by Army Committee for supplies for New Model Army: December 1646 JL
"TNA, SP 28/41/3, ff. 242-319",041 0242,SP 28/41,NMA (Fairfax),New Model Army pay warrants signed by Sir Thomas Fairfax: November 1646 JL
"TNA, SP 28/41/4, ff. 320-354",041 0320,SP 28/41,NMA (Fairfax),New Model Army pay warrants signed by Sir Thomas Fairfax: November 1646 JL
"TNA, SP 28/41/4, ff. 355-381",041 0355,SP 28/41,NMA (Army Committee),Pay warrants signed by Army Committee for supplies for New Model Army: November 1646 JL
"TNA, SP 28/41/4, ff. 382-433",041 0382,SP 28/41,Misc,Miscellaneous parliamentarian financial documents: November and December 1646 JL
"TNA, SP 28/41/5, ff. 434-534",041 0434,SP 28/41,Misc,"Miscellaneous parliamentarian financial documents, including bills for arms for Lord Brooke: November and December 1646 JL"
"TNA, SP 28/41/5, ff. 535-548",041 0535,SP 28/41,Ordnance Office,Parliamentarian Ordnance Office pay warrants: November 1646 JL
"TNA, SP 28/41/5, ff. 549-566",041 0549,SP 28/41,NMA (Fairfax),New Model Army pay warrants signed by Sir Thomas Fairfax: December 1646 JL
"TNA, SP 28/41/6, ff. 567-661",041 0567,SP 28/41,NMA (Fairfax),New Model Army pay warrants signed by Sir Thomas Fairfax: December 1646 JL
"TNA, SP 28/42/1, ff. 1-128",042 0001,SP 28/42,Misc,"Miscellaneous parliamentarian financial documents: various dates, mostly 1646 JL"
"TNA, SP 28/42/2, ff. 129-279",042 0129,SP 28/42,Misc,"Miscellaneous parliamentarian financial documents: various dates, mostly 1646 JL"
"TNA, SP 28/42/3, ff. 280-405",042 0280,SP 28/42,Misc,"Miscellaneous parliamentarian financial documents: various dates, mostly 1646 JL"
"TNA, SP 28/42/4, ff. 406-548",042 0406,SP 28/42,Misc,"Miscellaneous parliamentarian financial documents: various dates, mostly 1646 JL"
"TNA, SP 28/42/5, ff. 549-667",042 0549,SP 28/42,Misc,"Miscellaneous parliamentarian financial documents: various dates, mostly 1646 JL"
"TNA, SP 28/42/6, ff. 668-804",042 0668,SP 28/42,Misc,"Miscellaneous parliamentarian financial documents: various dates, mostly 1646 JL"
"TNA, SP 28/42/7, ff. 805-952",042 0805,SP 28/42,Misc,"Miscellaneous parliamentarian financial documents: various dates, mostly 1646 JL"
"TNA, SP 28/42/8, ff. 953-1075",042 0953,SP 28/42,Misc,"Miscellaneous parliamentarian financial documents: various dates, mostly 1646 JL"
"TNA, SP 28/43/1, ff. 1-176",043 0001,SP 28/43,Misc,"Miscellaneous parliamentarian financial documents, including Windsor garrison and loss accounts and constables account for parishes and hundreds in Berkshire: various dates, mostly 1646 JL"
"TNA, SP 28/43/2, ff. 177-307",043 0177,SP 28/43,Misc,"Miscellaneous parliamentarian financial documents: various dates, mostly 1646 JL"
"TNA, SP 28/43/3, ff. 308-469",043 0308,SP 28/43,Misc,"Miscellaneous parliamentarian financial documents: various dates, mostly 1646 JL"
"TNA, SP 28/43/4, ff. 470-589",043 0470,SP 28/43,Misc,"Miscellaneous parliamentarian financial documents: various dates, mostly 1646 JL"
"TNA, SP 28/43/5, ff. 590-723",043 0590,SP 28/43,Misc,"Miscellaneous parliamentarian financial documents: various dates, mostly 1646 JL"
"TNA, SP 28/43/6, ff. 724-845",043 0724,SP 28/43,Misc,"Miscellaneous parliamentarian financial documents: various dates, mostly 1646 JL"
"TNA, SP 28/43/7, ff. 846-978",043 0846,SP 28/43,Misc,"Miscellaneous parliamentarian financial documents: various dates, mostly 1646 JL"
"TNA, SP 28/44/1, ff. 1-48",044 0001,SP 28/44,Ordnance Office,Parliamentarian Ordnance Office pay warrants: January 1647 JL
"TNA, SP 28/44/1, ff. 49-97",044 0049,SP 28/44,Misc,Miscellaneous parliamentarian financial documents: January 1647 JL
"TNA, SP 28/44/1, ff. 98-142",044 0098,SP 28/44,NMA (Fairfax),New Model Army pay warrants signed by Sir Thomas Fairfax: January 1647 JL
"TNA, SP 28/44/2, ff. 143-187",044 0143,SP 28/44,NMA (Fairfax),New Model Army pay warrants signed by Sir Thomas Fairfax: January 1647 JL
"TNA, SP 28/44/2, ff. 188-285",044 0188,SP 28/44,Misc,Miscellaneous parliamentarian financial documents: February 1647 JL
"TNA, SP 28/44/3, ff. 286-333",044 0286,SP 28/44,Misc,Miscellaneous parliamentarian financial documents: February 1647 JL
"TNA, SP 28/44/3, ff. 334-342",044 0334,SP 28/44,Ordnance Office,Parliamentarian Ordnance Office pay warrants: February 1647 JL
"TNA, SP 28/44/3, ff. 343-406",044 0343,SP 28/44,NMA (Fairfax),New Model Army pay warrants signed by Sir Thomas Fairfax: February 1647 JL
"TNA, SP 28/44/4, ff. 407-494",044 0407,SP 28/44,NMA (Fairfax),New Model Army pay warrants signed by Sir Thomas Fairfax: February 1647 JL
"TNA, SP 28/45/1, ff. 1-83",045 0001,SP 28/45,Misc,Miscellaneous parliamentarian financial documents: March 1647 JL
"TNA, SP 28/45/1, ff. 84-111",045 0084,SP 28/45,Ordnance Office,Parliamentarian Ordnance Office pay warrants: March 1647 JL
"TNA, SP 28/45/1, ff. 112-145A",045 0112,SP 28/45,Misc,Miscellaneous parliamentarian financial documents: April 1647 JL
"TNA, SP 28/45/2, ff. 146-192",045 0146,SP 28/45,Misc,Miscellaneous parliamentarian financial documents (ff. 185-92: John Dalbeir's account as Quartermaster General of Essex's Army): April 1647 JL
"TNA, SP 28/45/2, ff. 193-227",045 0193,SP 28/45,Ordnance Office,Parliamentarian Ordnance Office pay warrants: March/April 1647 JL
"TNA, SP 28/45/2, ff. 228-295",045 0228,SP 28/45,NMA (Fairfax),New Model Army pay warrants signed by Sir Thomas Fairfax: April 1647 JL
"TNA, SP 28/45/3, ff. 296-360",045 0296,SP 28/45,NMA (Fairfax),New Model Army pay warrants signed by Sir Thomas Fairfax: April 1647 JL
"TNA, SP 28/45/3, ff. 361-397",045 0361,SP 28/45,NMA (Fairfax),New Model Army pay warrants signed by Sir Thomas Fairfax: March 1647 JL
"TNA, SP 28/45/4, ff. 398-497",045 0398,SP 28/45,NMA (Fairfax),New Model Army pay warrants signed by Sir Thomas Fairfax: March 1647 JL
"TNA, SP 28/46/1, ff. 1-104",046 0001,SP 28/46,Misc,Miscellaneous parliamentarian financial documents: June 1647 JL
"TNA, SP 28/46/1, ff. 105-110",046 0105,SP 28/46,Ordnance Office,Parliamentarian Ordnance Office pay warrants: June 1647 JL
"TNA, SP 28/46/1, ff. 111-111",046 0111,SP 28/46,NMA (Fairfax),New Model Army pay warrants signed by Sir Thomas Fairfax: June 1647 JL
"TNA, SP 28/46/2, ff. 112-195",046 0112,SP 28/46,NMA (Fairfax),New Model Army pay warrants signed by Sir Thomas Fairfax: June 1647 JL
"TNA, SP 28/46/3, ff. 196-245",046 0196,SP 28/46,NMA (Fairfax),New Model Army pay warrants signed by Sir Thomas Fairfax: June 1647 JL
"TNA, SP 28/46/3, ff. 246-261",046 0246,SP 28/46,Ordnance Office,Parliamentarian Ordnance Office pay warrants: June 1647 JL
"TNA, SP 28/46/3, ff. 262-291A",046 0262,SP 28/46,Misc,Miscellaneous parliamentarian financial documents: May 1647 JL
"TNA, SP 28/46/3, ff. 291B-291B",046 291B,SP 28/46,NMA (Fairfax),New Model Army pay warrants signed by Sir Thomas Fairfax: June 1647 JL
"TNA, SP 28/46/4, ff. 292-378",046 0292,SP 28/46,Misc,Miscellaneous parliamentarian financial documents: May 1647 JL
"TNA, SP 28/46/4, ff. 379-402",046 0379,SP 28/46,NMA (Fairfax),New Model Army pay warrants signed by Sir Thomas Fairfax: May 1647 JL
"TNA, SP 28/47/1, ff. 1-82",047 0001,SP 28/47,Misc,Miscellaneous parliamentarian financial documents: July 1647 JL
"TNA, SP 28/47/1, ff. 83-92",047 0083,SP 28/47,Ireland,Pay warrants signed by Lord Inchiquin as Lord President of Munster: July 1647 JL
"TNA, SP 28/47/1, ff. 93-123",047 0093,SP 28/47,Ordnance Office,Parliamentarian Ordnance Office pay warrants: July 1647 JL
"TNA, SP 28/47/1, ff. 124-127",047 0124,SP 28/47,NMA (Fairfax),New Model Army pay warrants signed by Sir Thomas Fairfax: July 1647 JL
"TNA, SP 28/47/2, ff. 128-164",047 0128,SP 28/47,NMA (Fairfax),New Model Army pay warrants signed by Sir Thomas Fairfax: July 1647 JL
"TNA, SP 28/47/2, ff. 165-230",047 0165,SP 28/47,Ireland,Pay warrants signed by Lord Inchiquin as Lord President of Munster: August 1647 JL
"TNA, SP 28/47/3, ff. 231-280",047 0231,SP 28/47,Ireland,Pay warrants signed by Lord Inchiquin as Lord President of Munster: August 1647 JL
"TNA, SP 28/47/3, ff. 280A-280B",047 280A,SP 28/47,Misc,Miscellaneous parliamentarian financial documents: August 1647 JL
"TNA, SP 28/47/3, ff. 281-326",047 0281,SP 28/47,NMA (Fairfax),New Model Army pay warrants signed by Sir Thomas Fairfax: August 1647 JL
"TNA, SP 28/47/4, ff. 327-437",047 0327,SP 28/47,NMA (Fairfax),New Model Army pay warrants signed by Sir Thomas Fairfax: July/August 1647 JL
"TNA, SP 28/47/5, ff. 438-480",047 0438,SP 28/47,NMA (Fairfax),New Model Army pay warrants signed by Sir Thomas Fairfax: July/August 1647 JL
"TNA, SP 28/47/5, ff. 481-547",047 0481,SP 28/47,Misc,"Miscellaneous parliamentarian financial documents, including Lord Inchiquin in Munster: August 1647 JL"
"TNA, SP 28/47/5, ff. 548-571",047 0548,SP 28/47,Ordnance Office,Parliamentarian Ordnance Office pay warrants: August 1647 JL
"TNA, SP 28/48/1, ff. 1-16",048 0001,SP 28/48,NMA (Fairfax),New Model Army pay warrants signed by Sir Thomas Fairfax: September 1647 JL
"TNA, SP 28/48/1, ff. 17-29",048 0017,SP 28/48,Ireland,Pay warrants signed by Lord Inchiquin as Lord President of Munster: September 1647 JL
"TNA, SP 28/48/1, ff. 30-88",048 0030,SP 28/48,NMA (Army Committee),Pay warrants signed by Army Committee for supplies for New Model Army: October and November 1647 JL
"TNA, SP 28/48/1, ff. 89-122",048 0089,SP 28/48,NMA (Fairfax),New Model Army pay warrants signed by Sir Thomas Fairfax: October 1647 JL
"TNA, SP 28/48/2, ff. 123-204",048 0123,SP 28/48,NMA (Fairfax),New Model Army pay warrants signed by Sir Thomas Fairfax: October 1647 JL
"TNA, SP 28/48/2, ff. 205-232",048 0205,SP 28/48,Misc,Miscellaneous parliamentarian financial documents: October 1647 JL
"TNA, SP 28/48/3, ff. 233-259",048 0233,SP 28/48,Misc,Miscellaneous parliamentarian financial documents: October 1647 JL
"TNA, SP 28/48/3, ff. 260-261",048 0260,SP 28/48,Ireland,Pay warrants signed by Lord Inchiquin as Lord President of Munster: October 1647 JL
"TNA, SP 28/48/3, ff. 262-290",048 0262,SP 28/48,Ordnance Office,Parliamentarian Ordnance Office pay warrants: September 1647 JL
"TNA, SP 28/48/3, ff. 291-294",048 0291,SP 28/48,Misc,Miscellaneous parliamentarian financial documents: September 1647 JL
"TNA, SP 28/48/3, ff. 295-323",048 0295,SP 28/48,Ordnance Office,Parliamentarian Ordnance Office pay warrants: November 1647 JL
"TNA, SP 28/48/3, ff. 324-378",048 0324,SP 28/48,Misc,Miscellaneous parliamentarian financial documents: September-November 1647 JL
"TNA, SP 28/48/4, ff. 379-388",048 0379,SP 28/48,Misc,Miscellaneous parliamentarian financial documents: September-November 1647 JL
"TNA, SP 28/48/4, ff. 389-464",048 0389,SP 28/48,NMA (Fairfax),New Model Army pay warrants signed by Sir Thomas Fairfax: November 1647 JL
"TNA, SP 28/48/4, ff. 465-478",048 0465,SP 28/48,Ordnance Office,Parliamentarian Ordnance Office pay warrants: November 1647 JL
"TNA, SP 28/48/4, ff. 479-482",048 0479,SP 28/48,Misc,Miscellaneous parliamentarian financial documents: November 1647 JL
"TNA, SP 28/48/4, ff. 483-488",048 0483,SP 28/48,NMA (Army Committee),Pay warrants signed by Army Committee for supplies for New Model Army: November 1647 JL
"TNA, SP 28/49/1, ff. 1-152",049 0001,SP 28/49,Misc,"Miscellaneous parliamentarian financial documents: various dates, mostly 1646 JL"
"TNA, SP 28/49/2, ff. 153-223",049 0153,SP 28/49,Misc,"Miscellaneous parliamentarian financial documents: various dates, mostly 1646 JL"
"TNA, SP 28/49/2, ff. 224-254",049 0224,SP 28/49,NMA (Army Committee),Pay warrants signed by Army Committee for supplies for New Model Army: October 1647 JL
"TNA, SP 28/49/2, ff. 255-256",049 0255,SP 28/49,NMA (Army Committee),"Pay warrants signed by Army Committee for supplies for New Model Army: various dates, 1647 JL"
"TNA, SP 28/49/2, ff. 257-262",049 0257,SP 28/49,Misc,"Miscellaneous parliamentarian financial documents: various dates, 1647 JL"
"TNA, SP 28/49/2, ff. 263-271",049 0263,SP 28/49,NMA (Army Committee),"Pay warrants signed by Army Committee for supplies for New Model Army: various dates, 1647 JL"
"TNA, SP 28/49/2, ff. 272-298",049 0272,SP 28/49,NMA (Fairfax),New Model Army pay warrants signed by Sir Thomas Fairfax: December 1647 JL
"TNA, SP 28/49/3, ff. 299-340",049 0299,SP 28/49,NMA (Fairfax),New Model Army pay warrants signed by Sir Thomas Fairfax: mostly December 1647 JL but at least one from November
"TNA, SP 28/49/3, ff. 341-360",049 0341,SP 28/49,NMA (Army Committee),Pay warrants signed by Army Committee for supplies for New Model Army: December 1647 JL
"TNA, SP 28/49/3, ff. 361-363",049 0361,SP 28/49,NMA (Fairfax),New Model Army pay warrants signed by Sir Thomas Fairfax: December 1647 JL
"TNA, SP 28/49/3, ff. 364-387",049 0364,SP 28/49,NMA (Army Committee),Pay warrants signed by Army Committee for supplies for New Model Army: December 1647 JL
"TNA, SP 28/49/3, ff. 388-411",049 0388,SP 28/49,Misc,"Miscellaneous parliamentarian financial documents: various dates, 1647 JL"
"TNA, SP 28/49/3, ff. 412-420",049 0412,SP 28/49,Northern Army,Northern Association pay warrants signed by John Lambert: December 1647 JL
"TNA, SP 28/49/3, ff. 421-434",049 0421,SP 28/49,Ordnance Office,Parliamentarian Ordnance Office pay warrants: December 1647 JL
"TNA, SP 28/49/4, ff. 435-466",049 0435,SP 28/49,Ordnance Office,Parliamentarian Ordnance Office pay warrants: December 1647 JL
"TNA, SP 28/49/4, ff. 467-477",049 0467,SP 28/49,NMA (Army Committee),Pay warrants signed by Army Committee for supplies for New Model Army: April 1647 JL
"TNA, SP 28/49/4, ff. 478-486",049 0478,SP 28/49,NMA (Army Committee),Pay warrants signed by Army Committee for supplies for New Model Army: September 1647 JL
"TNA, SP 28/49/4, ff. 487-521",049 0487,SP 28/49,NMA (Army Committee),Pay warrants signed by Army Committee for supplies for New Model Army: May 1647 JL
"TNA, SP 28/49/4, ff. 522-524",049 0522,SP 28/49,NMA (Army Committee),Pay warrants signed by Army Committee for supplies for New Model Army: June 1647 JL
"TNA, SP 28/49/4, ff. 525-540",049 0525,SP 28/49,NMA (Army Committee),Pay warrants signed by Army Committee for supplies for New Model Army: July 1647 JL
"TNA, SP 28/49/4, ff. 541-549",049 0541,SP 28/49,NMA (Army Committee),Pay warrants signed by Army Committee for supplies for New Model Army: February 1647 JL
"TNA, SP 28/49/4, ff. 550-571",049 0550,SP 28/49,NMA (Army Committee),Pay warrants signed by Army Committee for supplies for New Model Army: March 1647 JL
"TNA, SP 28/50/1, ff. 1-162",050 0001,SP 28/50,NMA (Army Committee),Pay warrants signed by Army Committee for supplies for New Model Army: January 1648 JL
"TNA, SP 28/50/2, ff. 163-225",050 0163,SP 28/50,NMA (Army Committee),Pay warrants signed by Army Committee for supplies for New Model Army: January 1648 JL
"TNA, SP 28/50/2, ff. 226-307",050 0226,SP 28/50,Misc,Miscellaneous parliamentarian financial documents: January 1648 JL
"TNA, SP 28/50/3, ff. 308-363",050 0308,SP 28/50,Misc,Miscellaneous parliamentarian financial documents: January 1648 JL
"TNA, SP 28/50/3, ff. 364-375",050 0364,SP 28/50,NMA (Fairfax),New Model Army pay warrants signed by Sir Thomas Fairfax: January 1648 JL
"TNA, SP 28/50/3, ff. 376-381",050 0376,SP 28/50,Northern Army,Northern Association pay warrants signed by John Lambert: January 1648 JL
"TNA, SP 28/50/3, ff. 382-423",050 0382,SP 28/50,Ordnance Office,Parliamentarian Ordnance Office pay warrants: January 1648 JL
"TNA, SP 28/50/3, ff. 424-448",050 0424,SP 28/50,NMA (Army Committee),Pay warrants signed by Army Committee for supplies for New Model Army: January 1648 JL
"TNA, SP 28/51/1, ff. 1-144",051 0001,SP 28/51,NMA (Army Committee),Pay warrants signed by Army Committee for supplies for New Model Army: February 1648 JL
"TNA, SP 28/51/2, ff. 145-304",051 0145,SP 28/51,NMA (Army Committee),Pay warrants signed by Army Committee for supplies for New Model Army: February 1648 JL
"TNA, SP 28/51/3, ff. 305-370",051 0305,SP 28/51,NMA (Army Committee),Pay warrants signed by Army Committee for supplies for New Model Army: February 1648 JL
"TNA, SP 28/51/3, ff. 371-410",051 0371,SP 28/51,Misc,Miscellaneous parliamentarian financial documents: February 1648 JL
"TNA, SP 28/51/3, ff. 411-418",051 0411,SP 28/51,Northern Army,Northern Association pay warrants signed by John Lambert: February 1648 JL
"TNA, SP 28/51/3, ff. 419-423",051 0419,SP 28/51,NMA (Fairfax),New Model Army pay warrants signed by Sir Thomas Fairfax: February 1648 JL
"TNA, SP 28/51/3, ff. 424-434",051 0424,SP 28/51,Ordnance Office,Parliamentarian Ordnance Office pay warrants: February 1648 JL
"TNA, SP 28/51/3, ff. 435-436",051 0435,SP 28/51,NMA (Army Committee),Pay warrants signed by Army Committee for supplies for New Model Army: February 1648 JL
"TNA, SP 28/52/1, ff. 1-162",052 0001,SP 28/52,NMA (Army Committee),Pay warrants signed by Army Committee for supplies for New Model Army: March 1648 JL
"TNA, SP 28/52/2, ff. 163-344",052 0163,SP 28/52,NMA (Army Committee),Pay warrants signed by Army Committee for supplies for New Model Army: March 1648 JL
"TNA, SP 28/52/3, ff. 345-358",052 0345,SP 28/52,NMA (Army Committee),Pay warrants signed by Army Committee for supplies for New Model Army: March 1648 JL
"TNA, SP 28/52/3, ff. 359-398",052 0359,SP 28/52,Misc,Miscellaneous parliamentarian financial documents: March 1648 JL
"TNA, SP 28/52/3, ff. 399-455",052 0399,SP 28/52,Ordnance Office,Parliamentarian Ordnance Office pay warrants: March 1648 JL
"TNA, SP 28/52/3, ff. 456-457",052 0456,SP 28/52,Misc,Miscellaneous parliamentarian financial documents: March 1648 JL
"TNA, SP 28/52/3, ff. 458-477",052 0458,SP 28/52,Ordnance Office,Parliamentarian Ordnance Office pay warrants: March 1648 JL
"TNA, SP 28/52/3, ff. 478-484",052 0478,SP 28/52,NMA (Army Committee),Pay warrants signed by Army Committee for supplies for New Model Army: March 1648 JL
"TNA, SP 28/53/1, ff. 1-43",053 0001,SP 28/53,Misc,Miscellaneous parliamentarian financial documents: April 1648 JL
"TNA, SP 28/53/1, ff. 44-71",053 0044,SP 28/53,Ordnance Office,Parliamentarian Ordnance Office pay warrants: April 1648 JL
"TNA, SP 28/53/1, ff. 72-75",053 0072,SP 28/53,Giles Greene,Pay warrants signed by Giles Greene: April 1648 JL
"TNA, SP 28/53/1, ff. 76-94",053 0076,SP 28/53,Misc,Miscellaneous parliamentarian financial documents: April 1648 JL
"TNA, SP 28/53/1, ff. 95-131",053 0095,SP 28/53,NMA (Army Committee),Pay warrants signed by Army Committee for supplies for New Model Army: April 1648 JL
"TNA, SP 28/53/2, ff. 132-299",053 0132,SP 28/53,NMA (Army Committee),Pay warrants signed by Army Committee for supplies for New Model Army: April 1648 JL
"TNA, SP 28/53/3, ff. 300-466",053 0300,SP 28/53,NMA (Army Committee),Pay warrants signed by Army Committee for supplies for New Model Army: April 1648 JL
"TNA, SP 28/54/1, ff. 1-20",054 0001,SP 28/54,Misc,Miscellaneous parliamentarian financial documents: May 1648 JL
"TNA, SP 28/54/1, ff. 21-50",054 0021,SP 28/54,Ordnance Office,Parliamentarian Ordnance Office pay warrants: May 1648 JL
"TNA, SP 28/54/1, ff. 51-57",054 0051,SP 28/54,Misc,Miscellaneous parliamentarian financial documents: May 1648 JL
"TNA, SP 28/54/1, ff. 58-131",054 0058,SP 28/54,NMA (Army Committee),Pay warrants signed by Army Committee for supplies for New Model Army: May 1648 JL
"TNA, SP 28/54/2, ff. 132-286",054 0132,SP 28/54,NMA (Army Committee),Pay warrants signed by Army Committee for supplies for New Model Army: May 1648 JL
"TNA, SP 28/54/3, ff. 287-431",054 0287,SP 28/54,NMA (Army Committee),Pay warrants signed by Army Committee for supplies for New Model Army: May 1648 JL
"TNA, SP 28/54/4, ff. 432-445",054 0432,SP 28/54,NMA (Army Committee),Pay warrants signed by Army Committee for supplies for New Model Army: May 1648 JL
"TNA, SP 28/54/4, ff. 446-453",054 0446,SP 28/54,Misc,Miscellaneous parliamentarian financial documents: June 1648 JL
"TNA, SP 28/54/4, ff. 454-521",054 0454,SP 28/54,Ordnance Office,Parliamentarian Ordnance Office pay warrants: June 1648 JL
"TNA, SP 28/54/4, ff. 522-540",054 0522,SP 28/54,Misc,"Miscellaneous parliamentarian financial documents, including warrants of Derby House Committee: June 1648 JL"
"TNA, SP 28/54/4, ff. 541-602",054 0541,SP 28/54,NMA (Army Committee),Pay warrants signed by Army Committee for supplies for New Model Army: June 1648 JL
"TNA, SP 28/54/5, ff. 603-796",054 0603,SP 28/54,NMA (Army Committee),Pay warrants signed by Army Committee for supplies for New Model Army: June 1648 JL
"TNA, SP 28/55/1, ff. 1-5",055 0001,SP 28/55,Misc,Miscellaneous parliamentarian financial documents: July 1648 JL
"TNA, SP 28/55/1, ff. 6-124",055 0006,SP 28/55,NMA (Army Committee),Pay warrants signed by Army Committee for supplies for New Model Army: July 1648 JL
"TNA, SP 28/55/1, ff. 125-148",055 0125,SP 28/55,Ordnance Office,Parliamentarian Ordnance Office pay warrants: July 1648 JL
"TNA, SP 28/55/1, ff. 149-172",055 0149,SP 28/55,Misc,Miscellaneous parliamentarian financial documents: July 1648 JL
"TNA, SP 28/55/1, ff. 173-200",055 0173,SP 28/55,Ordnance Office,Parliamentarian Ordnance Office pay warrants: August 1648 JL
"TNA, SP 28/55/1, ff. 201-205",055 0201,SP 28/55,NMA (Army Committee),Pay warrants signed by Army Committee for supplies for New Model Army: August 1648 JL
"TNA, SP 28/55/2, ff. 206-415",055 0206,SP 28/55,NMA (Army Committee),Pay warrants signed by Army Committee for supplies for New Model Army: August and September 1648 JL
"TNA, SP 28/55/3, ff. 416-547",055 0416,SP 28/55,NMA (Army Committee),Pay warrants signed by Army Committee for supplies for New Model Army: September 1648 JL
"TNA, SP 28/55/3, ff. 548-557",055 0548,SP 28/55,Misc,"Miscellaneous parliamentarian financial documents, possibly relating to Army Committee: September 1648 JL"
"TNA, SP 28/55/3, ff. 558-559",055 0558,SP 28/55,NMA (Army Committee),Pay warrants signed by Army Committee for supplies for New Model Army: September 1648 JL
"TNA, SP 28/55/3, ff. 560-582",055 0560,SP 28/55,Misc,Miscellaneous parliamentarian financial documents: September 1648 JL
"TNA, SP 28/55/3, ff. 583-586",055 0583,SP 28/55,Ordnance Office,Parliamentarian Ordnance Office pay warrants: September 1648 JL
"TNA, SP 28/56/1, ff. 1-48",056 0001,SP 28/56,Misc,Miscellaneous parliamentarian financial documents: October 1648 JL
"TNA, SP 28/56/1, ff. 49-50",056 0049,SP 28/56,Ordnance Office,Parliamentarian Ordnance Office pay warrants: November 1648 JL
"TNA, SP 28/56/1, ff. 51-161",056 0051,SP 28/56,NMA (Army Committee),Pay warrants signed by Army Committee for supplies for New Model Army: November 1648 JL
"TNA, SP 28/56/2, ff. 162-275",056 0162,SP 28/56,NMA (Army Committee),Pay warrants signed by Army Committee for supplies for New Model Army: November 1648 JL
"TNA, SP 28/56/2, ff. 276-277",056 0276,SP 28/56,Misc,Miscellaneous parliamentarian financial documents: November 1648 JL
"TNA, SP 28/56/2, ff. 278-281",056 0278,SP 28/56,Ordnance Office,Parliamentarian Ordnance Office pay warrants: October 1648 JL
"TNA, SP 28/56/2, ff. 282-283",056 0282,SP 28/56,Misc,Miscellaneous parliamentarian financial documents: November 1648 JL
"TNA, SP 28/56/2, ff. 284-314",056 0284,SP 28/56,NMA (Army Committee),Pay warrants signed by Army Committee for supplies for New Model Army: November 1648 JL
"TNA, SP 28/56/3, ff. 315-511",056 0315,SP 28/56,NMA (Army Committee),Pay warrants signed by Army Committee for supplies for New Model Army: September and October 1648 JL
"TNA, SP 28/57/1, ff. 1-139",057 0001,SP 28/57,Misc,"Miscellaneous parliamentarian financial documents, including quartering bills: various dates, 1644-48 JL"
"TNA, SP 28/57/2, ff. 140-286",057 0140,SP 28/57,Misc,"Miscellaneous parliamentarian financial documents, including quartering bills: various dates, 1644-48 JL"
"TNA, SP 28/57/2, ff. 287-297",057 0287,SP 28/57,NMA (Army Committee),Pay warrants signed by Army Committee for supplies for New Model Army: December 1648 JL
"TNA, SP 28/57/3, ff. 298-436",057 0298,SP 28/57,NMA (Army Committee),Pay warrants signed by Army Committee for supplies for New Model Army: December 1648 JL
"TNA, SP 28/57/3, ff. 437-476",057 0437,SP 28/57,NMA (Fairfax),New Model Army pay warrants signed by Sir Thomas Fairfax: December 1648 JL
"TNA, SP 28/57/3, ff. 477-485",057 0477,SP 28/57,Misc,Miscellaneous parliamentarian financial documents: December 1648 JL and various other dates
"TNA, SP 28/57/3, ff. 486-504",057 0486,SP 28/57,NMA (Army Committee),Pay warrants signed by Army Committee for supplies for New Model Army: December 1648 JL
"TNA, SP 28/57/3, ff. 505-514",057 0505,SP 28/57,Misc,"Miscellaneous parliamentarian financial documents relating to Surrey: various dates, 1648 JL"
"TNA, SP 28/57/4, ff. 515-649",057 0515,SP 28/57,Misc,"Miscellaneous parliamentarian financial documents: various dates, 1648 JL"
"TNA, SP 28/57/5, ff. 650-789",057 0650,SP 28/57,Misc,"Miscellaneous parliamentarian financial documents: various dates, 1648 JL"
"TNA, SP 28/57/6, ff. 790-910",057 0790,SP 28/57,Misc,"Miscellaneous parliamentarian financial documents: various dates, 1648 JL"
"TNA, SP 28/57/6, ff. 911-914",057 0911,SP 28/57,NMA (Army Committee),Pay warrants signed by Army Committee for supplies for New Model Army: dates unclear
